com.samsung.shealth.report,6272009,3
timezone,start_date,update_time,create_time,type,is_empty,version,deviceuuid,content,pkg_name,datauuid,compressed_content
America/Toronto,1607230800000,2020-12-14 18:46:29.713,2020-12-13 18:46:12.828,0,0,2,5vLahzXBCy,X,com.sec.android.app.shealth,adc867fe-7685-4342-9352-581bcf170d44,adc867fe-7685-4342-9352-581bcf170d44.compressed_content.json,
America/Toronto,1607835600000,2020-12-21 18:53:38.397,2020-12-20 18:45:47.715,0,0,2,5vLahzXBCy,X,com.sec.android.app.shealth,858287ee-2747-4310-933c-efa36f6fe9f3,858287ee-2747-4310-933c-efa36f6fe9f3.compressed_content.json,
America/Toronto,1608440400000,2020-12-30 18:46:00.750,2020-12-29 18:46:21.390,0,0,2,5vLahzXBCy,X,com.sec.android.app.shealth,ffa162ce-ec90-4ee3-be59-d4d4f0d9d813,ffa162ce-ec90-4ee3-be59-d4d4f0d9d813.compressed_content.json,
America/Toronto,1609045200000,2021-01-04 19:03:27.711,2021-01-03 18:46:00.975,0,0,2,5vLahzXBCy,X,com.sec.android.app.shealth,66b508c2-57ef-448b-be27-4d02a833ca87,66b508c2-57ef-448b-be27-4d02a833ca87.compressed_content.json,
America/Toronto,1609650000000,2021-01-10 18:49:22.342,2021-01-10 18:49:21.511,0,0,2,5vLahzXBCy,X,com.sec.android.app.shealth,3e1079d7-8edc-486e-9f61-b44c6fce4b3c,3e1079d7-8edc-486e-9f61-b44c6fce4b3c.compressed_content.json,
America/Toronto,1610254800000,2021-01-20 18:54:43.088,2021-01-20 18:54:42.205,0,0,2,5vLahzXBCy,X,com.sec.android.app.shealth,60f28aa2-e933-48b5-9564-f33a6fcf7f81,60f28aa2-e933-48b5-9564-f33a6fcf7f81.compressed_content.json,
America/Toronto,1610859600000,2021-01-24 18:46:03.253,2021-01-24 18:46:02.571,0,0,2,5vLahzXBCy,X,com.sec.android.app.shealth,e3cd6521-6da6-4d28-b786-dc4ade306e93,e3cd6521-6da6-4d28-b786-dc4ade306e93.compressed_content.json,
America/Toronto,1611464400000,2021-01-31 18:46:08.200,2021-01-31 18:46:07.812,0,0,2,5vLahzXBCy,X,com.sec.android.app.shealth,d1fed3fd-a3e1-43f6-88a2-bca348ce7f63,d1fed3fd-a3e1-43f6-88a2-bca348ce7f63.compressed_content.json,
America/Toronto,1612069200000,2021-02-07 18:48:20.792,2021-02-07 18:48:20.244,0,0,2,5vLahzXBCy,X,com.sec.android.app.shealth,38a8ee06-d51d-4e68-85ca-89ce9c5fc237,38a8ee06-d51d-4e68-85ca-89ce9c5fc237.compressed_content.json,
America/Toronto,1612674000000,2021-02-14 18:46:57.274,2021-02-14 18:46:56.730,0,0,2,5vLahzXBCy,X,com.sec.android.app.shealth,332dcf4c-20ed-4a4e-a597-e1ff3d6fcd33,332dcf4c-20ed-4a4e-a597-e1ff3d6fcd33.compressed_content.json,
America/Toronto,1613278800000,2021-02-21 18:46:02.497,2021-02-21 18:46:00.413,0,0,2,5vLahzXBCy,X,com.sec.android.app.shealth,a98802b9-baeb-4c6b-9622-5b2795fd234c,a98802b9-baeb-4c6b-9622-5b2795fd234c.compressed_content.json,
America/Toronto,1613883600000,2021-02-28 18:46:17.094,2021-02-28 18:46:16.641,0,0,2,5vLahzXBCy,X,com.sec.android.app.shealth,f6cbf40f-947a-4adc-858f-296f729f39d0,f6cbf40f-947a-4adc-858f-296f729f39d0.compressed_content.json,
America/Toronto,1614488400000,2021-03-07 18:45:51.532,2021-03-07 18:45:51.099,0,0,2,5vLahzXBCy,X,com.sec.android.app.shealth,79728071-7a4a-40ec-ae2b-f779e99274fa,79728071-7a4a-40ec-ae2b-f779e99274fa.compressed_content.json,
America/Toronto,1615093200000,2021-03-14 17:49:41.378,2021-03-14 17:49:40.746,0,0,2,5vLahzXBCy,X,com.sec.android.app.shealth,d0a03ad1-e33a-47eb-958e-cdac94c6a30c,d0a03ad1-e33a-47eb-958e-cdac94c6a30c.compressed_content.json,
America/Toronto,1615698000000,2021-03-26 17:47:15.294,2021-03-26 17:47:14.679,0,0,2,5vLahzXBCy,X,com.sec.android.app.shealth,2ff7f27b-bf64-4512-b3cc-2715191634db,2ff7f27b-bf64-4512-b3cc-2715191634db.compressed_content.json,
America/Toronto,1616299200000,2021-03-28 17:46:41.599,2021-03-28 17:46:40.943,0,0,2,5vLahzXBCy,X,com.sec.android.app.shealth,500bcca4-e8f1-494d-b2f8-a85d08c7357d,500bcca4-e8f1-494d-b2f8-a85d08c7357d.compressed_content.json,
America/Toronto,1616904000000,2021-04-04 17:47:19.670,2021-04-04 17:47:19.016,0,0,2,5vLahzXBCy,X,com.sec.android.app.shealth,c4dd8ede-1bf4-4837-a5a7-2f713889b715,c4dd8ede-1bf4-4837-a5a7-2f713889b715.compressed_content.json,
America/Toronto,1617508800000,2021-04-11 17:59:27.579,2021-04-11 17:59:27.012,0,0,2,5vLahzXBCy,X,com.sec.android.app.shealth,77c8959f-1317-4763-9826-c36cd63b965c,77c8959f-1317-4763-9826-c36cd63b965c.compressed_content.json,
America/Toronto,1618113600000,2021-04-18 19:03:47.270,2021-04-18 19:03:45.863,0,0,2,5vLahzXBCy,X,com.sec.android.app.shealth,8ebc8dff-fcc2-44c4-8207-8619ad7fca57,8ebc8dff-fcc2-44c4-8207-8619ad7fca57.compressed_content.json,
America/Toronto,1618718400000,2021-04-25 18:19:09.639,2021-04-25 18:19:08.129,0,0,2,5vLahzXBCy,X,com.sec.android.app.shealth,1b7317ed-f732-407b-8c97-5d00bcf2871a,1b7317ed-f732-407b-8c97-5d00bcf2871a.compressed_content.json,
America/Toronto,1619323200000,2021-05-03 17:45:46.336,2021-05-03 17:45:45.752,0,0,2,5vLahzXBCy,X,com.sec.android.app.shealth,2c11f5da-488f-4466-8ea5-b8449193d8ae,2c11f5da-488f-4466-8ea5-b8449193d8ae.compressed_content.json,
America/Toronto,1619928000000,2021-05-09 17:45:48.528,2021-05-09 17:45:46.750,0,0,2,5vLahzXBCy,X,com.sec.android.app.shealth,e57661e3-649a-4f0a-aa56-c1dfd29b78fc,e57661e3-649a-4f0a-aa56-c1dfd29b78fc.compressed_content.json,
America/Toronto,1620532800000,2021-05-17 17:46:28.021,2021-05-17 17:46:27.777,0,0,2,5vLahzXBCy,X,com.sec.android.app.shealth,08cbcaa9-3fa7-42ca-83d9-3defbbb62881,08cbcaa9-3fa7-42ca-83d9-3defbbb62881.compressed_content.json,
America/Toronto,1621137600000,2021-05-23 17:48:51.815,2021-05-23 17:48:51.231,0,0,2,5vLahzXBCy,X,com.sec.android.app.shealth,5c3b1404-e3fd-4d19-acd8-6cae549c17fe,5c3b1404-e3fd-4d19-acd8-6cae549c17fe.compressed_content.json,
America/Toronto,1621742400000,2021-05-30 20:05:07.724,2021-05-30 20:05:07.305,0,0,2,5vLahzXBCy,X,com.sec.android.app.shealth,3049a4a4-2e0f-4e2e-b120-3db5a8d01351,3049a4a4-2e0f-4e2e-b120-3db5a8d01351.compressed_content.json,
America/Toronto,1622347200000,2021-06-06 17:46:51.347,2021-06-06 17:46:50.874,0,0,2,5vLahzXBCy,X,com.sec.android.app.shealth,b4de9ebe-c50e-4ddb-a5bb-686d611163b5,b4de9ebe-c50e-4ddb-a5bb-686d611163b5.compressed_content.json,
America/Toronto,1622952000000,2021-06-13 17:46:42.738,2021-06-13 17:46:42.223,0,0,2,5vLahzXBCy,X,com.sec.android.app.shealth,5a1cc41b-4d3a-4694-9f4f-13f37e67c5f7,5a1cc41b-4d3a-4694-9f4f-13f37e67c5f7.compressed_content.json,
America/Toronto,1623556800000,2021-06-20 17:50:23.654,2021-06-20 17:50:23.062,0,0,2,5vLahzXBCy,X,com.sec.android.app.shealth,e7e18921-10d7-4749-a456-58d05fb17c1d,e7e18921-10d7-4749-a456-58d05fb17c1d.compressed_content.json,
America/Toronto,1624161600000,2021-06-27 18:33:01.919,2021-06-27 18:33:00.656,0,0,2,5vLahzXBCy,X,com.sec.android.app.shealth,79b4e77a-7191-4a30-8cb2-32c34c9d760c,79b4e77a-7191-4a30-8cb2-32c34c9d760c.compressed_content.json,
America/Toronto,1624766400000,2021-07-04 17:46:31.106,2021-07-04 17:46:29.938,0,0,2,5vLahzXBCy,X,com.sec.android.app.shealth,e15d6c3b-8936-4c9d-a80d-dd6657c50916,e15d6c3b-8936-4c9d-a80d-dd6657c50916.compressed_content.json,
America/Toronto,1625371200000,2021-07-11 17:46:03.554,2021-07-11 17:46:02.561,0,0,2,5vLahzXBCy,X,com.sec.android.app.shealth,198924b4-2a67-4d1f-be70-81c085c38d7f,198924b4-2a67-4d1f-be70-81c085c38d7f.compressed_content.json,
America/Toronto,1625976000000,2021-07-18 17:49:23.853,2021-07-18 17:49:23.049,0,0,2,5vLahzXBCy,X,com.sec.android.app.shealth,2dd7e15d-80e6-4430-9dfb-bddbb01bd750,2dd7e15d-80e6-4430-9dfb-bddbb01bd750.compressed_content.json,
America/Toronto,1626580800000,2021-07-25 18:17:24.851,2021-07-25 18:17:24.219,0,0,2,5vLahzXBCy,X,com.sec.android.app.shealth,b858cd1f-b0bd-41e8-bf2a-c34e63a5a9a0,b858cd1f-b0bd-41e8-bf2a-c34e63a5a9a0.compressed_content.json,
America/Toronto,1627185600000,2021-08-01 19:15:07.761,2021-08-01 19:15:05.253,0,0,2,5vLahzXBCy,X,com.sec.android.app.shealth,47b75a13-88b7-498d-8dfe-24ab060d05f1,47b75a13-88b7-498d-8dfe-24ab060d05f1.compressed_content.json,
America/Toronto,1627790400000,2021-08-08 19:42:47.721,2021-08-08 19:42:46.454,0,0,2,5vLahzXBCy,X,com.sec.android.app.shealth,23c7c1c1-d82e-48e1-a8b8-bf746bdf809e,23c7c1c1-d82e-48e1-a8b8-bf746bdf809e.compressed_content.json,
America/Toronto,1628395200000,2021-08-15 17:47:15.160,2021-08-15 17:47:13.906,0,0,2,5vLahzXBCy,X,com.sec.android.app.shealth,da180821-3091-4e06-b941-dfca49042568,da180821-3091-4e06-b941-dfca49042568.compressed_content.json,
America/Toronto,1629000000000,2021-08-22 19:03:58.897,2021-08-22 19:03:57.568,0,0,2,5vLahzXBCy,X,com.sec.android.app.shealth,eff523e5-491e-4e75-a6da-5a453d94b8c8,eff523e5-491e-4e75-a6da-5a453d94b8c8.compressed_content.json,
America/Toronto,1629604800000,2021-08-29 18:54:13.396,2021-08-29 18:54:12.100,0,0,2,5vLahzXBCy,X,com.sec.android.app.shealth,3593bbb3-5fc5-4b10-9b5e-90be95d5f2e1,3593bbb3-5fc5-4b10-9b5e-90be95d5f2e1.compressed_content.json,
America/Toronto,1630209600000,2021-09-05 19:06:04.036,2021-09-05 19:06:02.432,0,0,2,5vLahzXBCy,X,com.sec.android.app.shealth,3b2447d7-985b-4a9e-a8ad-09af49439120,3b2447d7-985b-4a9e-a8ad-09af49439120.compressed_content.json,
America/Toronto,1630814400000,2021-09-13 17:58:21.984,2021-09-13 17:57:58.849,0,0,2,5vLahzXBCy,X,com.sec.android.app.shealth,ae0330a2-cdff-4e72-81cb-6ff22f5ea940,ae0330a2-cdff-4e72-81cb-6ff22f5ea940.compressed_content.json,
America/Toronto,1631419200000,2021-09-19 17:46:01.054,2021-09-19 17:45:59.744,0,0,2,5vLahzXBCy,X,com.sec.android.app.shealth,084246a5-8bde-45cc-ba6e-739c8ef1d540,084246a5-8bde-45cc-ba6e-739c8ef1d540.compressed_content.json,
America/Toronto,1632024000000,2021-09-26 18:02:05.270,2021-09-26 18:02:03.954,0,0,2,5vLahzXBCy,X,com.sec.android.app.shealth,894f55b5-3c77-4dbf-9887-0e24690e1429,894f55b5-3c77-4dbf-9887-0e24690e1429.compressed_content.json,
America/Toronto,1632628800000,2021-10-04 18:00:52.980,2021-10-03 18:13:06.004,0,0,2,5vLahzXBCy,X,com.sec.android.app.shealth,afdd3032-79d2-445f-8fed-2776cc3c4bf0,afdd3032-79d2-445f-8fed-2776cc3c4bf0.compressed_content.json,
America/Toronto,1633233600000,2021-10-11 17:45:47.494,2021-10-11 17:45:45.959,0,0,2,5vLahzXBCy,X,com.sec.android.app.shealth,f793c3a1-286d-48f6-b325-8cc71ad79cdf,f793c3a1-286d-48f6-b325-8cc71ad79cdf.compressed_content.json,
America/Toronto,1633838400000,2021-10-18 17:54:01.821,2021-10-18 17:54:00.401,0,0,2,5vLahzXBCy,X,com.sec.android.app.shealth,11b9325e-3c8b-4a0e-a6ef-04623ec5bdc8,11b9325e-3c8b-4a0e-a6ef-04623ec5bdc8.compressed_content.json,
America/Toronto,1634443200000,2021-10-25 18:41:29.944,2021-10-25 18:41:28.690,0,0,2,5vLahzXBCy,X,com.sec.android.app.shealth,51673c43-dec6-4f21-b76e-88addba0e07f,51673c43-dec6-4f21-b76e-88addba0e07f.compressed_content.json,
America/Toronto,1635048000000,2021-11-01 17:56:43.339,2021-11-01 17:56:41.919,0,0,2,5vLahzXBCy,X,com.sec.android.app.shealth,333b48db-8201-466a-8544-8e633daa903c,333b48db-8201-466a-8544-8e633daa903c.compressed_content.json,
America/Toronto,1635652800000,2021-11-08 18:46:20.358,2021-11-08 18:46:19.120,0,0,2,5vLahzXBCy,X,com.sec.android.app.shealth,650cf3eb-9514-4ee9-807c-d0b0bfaa5333,650cf3eb-9514-4ee9-807c-d0b0bfaa5333.compressed_content.json,
America/Toronto,1636257600000,2021-11-15 18:46:50.875,2021-11-15 18:46:49.617,0,0,2,5vLahzXBCy,X,com.sec.android.app.shealth,c44abc35-0a5f-4d7b-8612-72d4957597df,c44abc35-0a5f-4d7b-8612-72d4957597df.compressed_content.json,
America/Toronto,1636866000000,2021-11-21 19:14:20.052,2021-11-21 19:14:18.768,0,0,2,5vLahzXBCy,X,com.sec.android.app.shealth,63808332-37c5-4340-97e7-bd19b4c4ccfe,63808332-37c5-4340-97e7-bd19b4c4ccfe.compressed_content.json,
America/Toronto,1637470800000,2021-11-28 20:16:15.029,2021-11-28 20:16:13.618,0,0,2,5vLahzXBCy,X,com.sec.android.app.shealth,a62f5285-8396-4df1-83df-30969c021fd5,a62f5285-8396-4df1-83df-30969c021fd5.compressed_content.json,
America/Toronto,1638075600000,2021-12-05 18:55:58.169,2021-12-05 18:55:56.193,0,0,2,5vLahzXBCy,X,com.sec.android.app.shealth,e707d3c4-eada-4a0f-9e5e-75263a2e25cd,e707d3c4-eada-4a0f-9e5e-75263a2e25cd.compressed_content.json,
America/Toronto,1638680400000,2021-12-12 18:51:09.305,2021-12-12 18:51:07.961,0,0,2,5vLahzXBCy,X,com.sec.android.app.shealth,19cf9fff-595a-4667-9304-0e051f769ab7,19cf9fff-595a-4667-9304-0e051f769ab7.compressed_content.json,
America/Toronto,1639890000000,2021-12-27 20:24:08.686,2021-12-27 20:24:07.435,0,0,2,5vLahzXBCy,X,com.sec.android.app.shealth,6843a669-d9ae-437c-8606-21e6b3a2edef,6843a669-d9ae-437c-8606-21e6b3a2edef.compressed_content.json,
America/Toronto,1641099600000,2022-01-10 18:47:02.486,2022-01-10 18:47:01.183,0,0,2,5vLahzXBCy,X,com.sec.android.app.shealth,6db40a1e-ce59-4507-82e4-95e22cf855e0,6db40a1e-ce59-4507-82e4-95e22cf855e0.compressed_content.json,
America/Toronto,1641704400000,2022-01-17 19:16:38.078,2022-01-17 19:16:34.494,0,0,2,5vLahzXBCy,X,com.sec.android.app.shealth,119eebfa-9e50-49a0-b449-5e3f1976d688,119eebfa-9e50-49a0-b449-5e3f1976d688.compressed_content.json,
America/Toronto,1642309200000,2022-01-23 19:07:39.762,2022-01-23 19:07:38.459,0,0,2,5vLahzXBCy,X,com.sec.android.app.shealth,689ba8fe-ffc2-4b6f-a0ce-a6ec02176d92,689ba8fe-ffc2-4b6f-a0ce-a6ec02176d92.compressed_content.json,
America/Toronto,1642914000000,2022-02-01 19:01:32.440,2022-02-01 19:01:28.997,0,0,2,5vLahzXBCy,X,com.sec.android.app.shealth,04531eaa-0442-432a-8324-435a56cd139c,04531eaa-0442-432a-8324-435a56cd139c.compressed_content.json,
America/Toronto,1643518800000,2022-02-09 18:46:34.387,2022-02-09 18:46:33.153,0,0,2,5vLahzXBCy,X,com.sec.android.app.shealth,3ff797c7-77b2-4378-afc8-5edd361fb5a4,3ff797c7-77b2-4378-afc8-5edd361fb5a4.compressed_content.json,
America/Toronto,1644123600000,2022-02-13 18:52:19.874,2022-02-13 18:52:03.300,0,0,2,5vLahzXBCy,X,com.sec.android.app.shealth,1f072f6b-9eb7-4fe7-b5de-3673102aa3b9,1f072f6b-9eb7-4fe7-b5de-3673102aa3b9.compressed_content.json,
America/Toronto,1645938000000,2022-03-07 18:46:33.240,2022-03-07 18:46:31.877,0,0,2,5vLahzXBCy,X,com.sec.android.app.shealth,5f7e588b-2d98-4259-9ffd-52ffb7132c6c,5f7e588b-2d98-4259-9ffd-52ffb7132c6c.compressed_content.json,
America/Toronto,1646542800000,2022-03-15 17:46:31.651,2022-03-15 17:46:28.949,0,0,2,5vLahzXBCy,X,com.sec.android.app.shealth,1deec944-e3bb-4121-9194-c75f4f858cd6,1deec944-e3bb-4121-9194-c75f4f858cd6.compressed_content.json,
America/Toronto,1647147600000,2022-03-20 18:24:39.399,2022-03-20 18:24:37.526,0,0,2,5vLahzXBCy,X,com.sec.android.app.shealth,83f8a0ab-ec58-40c3-8bd4-aaff3b5b1a2d,83f8a0ab-ec58-40c3-8bd4-aaff3b5b1a2d.compressed_content.json,
America/Toronto,1648353600000,2022-04-04 17:46:47.085,2022-04-04 17:46:45.887,0,0,2,5vLahzXBCy,X,com.sec.android.app.shealth,8781b338-da11-4fc8-9473-7a985548d200,8781b338-da11-4fc8-9473-7a985548d200.compressed_content.json,
America/Toronto,1648958400000,2022-04-10 17:51:24.897,2022-04-10 17:51:23.582,0,0,2,5vLahzXBCy,X,com.sec.android.app.shealth,2ffa8e28-84c1-46f7-87e7-c2c29d65ece0,2ffa8e28-84c1-46f7-87e7-c2c29d65ece0.compressed_content.json,
America/Toronto,1649563200000,2022-04-17 19:46:17.053,2022-04-17 19:46:11.586,0,0,2,5vLahzXBCy,X,com.sec.android.app.shealth,b850fd70-27af-4289-afcd-c8d7c1bc4fd8,b850fd70-27af-4289-afcd-c8d7c1bc4fd8.compressed_content.json,
America/Toronto,1650168000000,2022-04-24 17:45:57.973,2022-04-24 17:45:56.459,0,0,2,5vLahzXBCy,X,com.sec.android.app.shealth,3c9e2f8f-05a6-4810-8141-dfe8e2e54c82,3c9e2f8f-05a6-4810-8141-dfe8e2e54c82.compressed_content.json,
America/Toronto,1650772800000,2022-05-04 17:45:49.532,2022-05-04 17:45:48.269,0,0,2,5vLahzXBCy,X,com.sec.android.app.shealth,298bad3e-2028-40cc-9ffd-7dc9da0b05a1,298bad3e-2028-40cc-9ffd-7dc9da0b05a1.compressed_content.json,
America/Toronto,1651377600000,2022-05-09 17:54:16.209,2022-05-09 17:54:14.835,0,0,2,5vLahzXBCy,X,com.sec.android.app.shealth,ae4fa6d9-2655-4bd2-afb2-ee76be791897,ae4fa6d9-2655-4bd2-afb2-ee76be791897.compressed_content.json,
America/Toronto,1651982400000,2022-05-15 18:17:55.391,2022-05-15 18:17:51.809,0,0,2,5vLahzXBCy,X,com.sec.android.app.shealth,9903c00b-42cd-4d27-86ca-5f475ab57993,9903c00b-42cd-4d27-86ca-5f475ab57993.compressed_content.json,
America/Toronto,1652587200000,2022-05-26 18:12:57.847,2022-05-26 18:12:56.017,0,0,2,5vLahzXBCy,X,com.sec.android.app.shealth,2f830b36-8989-47d5-8992-feb5e6e36452,2f830b36-8989-47d5-8992-feb5e6e36452.compressed_content.json,
America/Toronto,1653192000000,2022-05-29 17:46:30.584,2022-05-29 17:46:29.302,0,0,2,5vLahzXBCy,X,com.sec.android.app.shealth,7665e445-ca34-4e9a-aaaa-d42bf3530ca0,7665e445-ca34-4e9a-aaaa-d42bf3530ca0.compressed_content.json,
America/Toronto,1653796800000,2022-06-05 18:07:46.459,2022-06-05 18:07:44.985,0,0,2,5vLahzXBCy,X,com.sec.android.app.shealth,ba2eb3a2-2365-463a-9c63-aecef1eca6aa,ba2eb3a2-2365-463a-9c63-aecef1eca6aa.compressed_content.json,
America/Toronto,1654401600000,2022-06-12 17:46:33.433,2022-06-12 17:46:31.802,0,0,2,5vLahzXBCy,X,com.sec.android.app.shealth,103c28b6-4910-4aec-a34e-c6c7807ece3c,103c28b6-4910-4aec-a34e-c6c7807ece3c.compressed_content.json,
America/Toronto,1655006400000,2022-06-19 19:20:15.387,2022-06-19 19:20:13.900,0,0,2,5vLahzXBCy,X,com.sec.android.app.shealth,a70b2a66-80fb-4f92-9cd8-4130028e7f24,a70b2a66-80fb-4f92-9cd8-4130028e7f24.compressed_content.json,
America/Toronto,1659240000000,2022-08-08 17:59:02.668,2022-08-08 17:59:01.367,0,0,2,5vLahzXBCy,X,com.sec.android.app.shealth,03f6408d-5bbc-499f-b24f-aca28ead0e63,03f6408d-5bbc-499f-b24f-aca28ead0e63.compressed_content.json,
America/Toronto,1661054400000,2022-08-31 17:55:56.766,2022-08-31 17:55:56.766,0,0,2,5vLahzXBCy,X,com.sec.android.app.shealth,5195e618-1391-49b8-a8c3-7591eb0a0e89,5195e618-1391-49b8-a8c3-7591eb0a0e89.compressed_content.json,
America/Toronto,1664078400000,2022-10-05 18:12:15.249,2022-10-05 18:12:15.249,0,0,2,5vLahzXBCy,X,com.sec.android.app.shealth,1546b432-7b91-4227-9420-0d8ea5d9dcae,1546b432-7b91-4227-9420-0d8ea5d9dcae.compressed_content.json,
America/Toronto,1667707200000,2022-11-13 18:45:46.568,2022-11-13 18:45:46.568,0,0,2,5vLahzXBCy,X,com.sec.android.app.shealth,45d5ac2d-fe38-484c-9c70-444d094a3582,45d5ac2d-fe38-484c-9c70-444d094a3582.compressed_content.json,
America/Toronto,1668920400000,2022-11-29 18:46:33.660,2022-11-29 18:46:33.660,0,0,2,5vLahzXBCy,X,com.sec.android.app.shealth,1e0a6743-f7fe-4968-9f64-5c1795b52d41,1e0a6743-f7fe-4968-9f64-5c1795b52d41.compressed_content.json,
America/Toronto,1669525200000,2022-12-10 19:58:14.174,2022-12-10 19:58:14.174,0,0,2,5vLahzXBCy,X,com.sec.android.app.shealth,9f093c21-44eb-44dd-84d6-5ba6b6e93c6c,9f093c21-44eb-44dd-84d6-5ba6b6e93c6c.compressed_content.json,
America/Toronto,1670130000000,2022-12-12 19:06:29.036,2022-12-12 19:06:29.036,0,0,2,5vLahzXBCy,X,com.sec.android.app.shealth,d867bbff-e23d-4f1b-8202-2d292411b7aa,d867bbff-e23d-4f1b-8202-2d292411b7aa.compressed_content.json,
America/Toronto,1671339600000,2022-12-26 18:47:34.167,2022-12-26 18:47:34.167,0,0,2,5vLahzXBCy,X,com.sec.android.app.shealth,358518e8-0b7c-4912-a2b1-19b95a51870e,358518e8-0b7c-4912-a2b1-19b95a51870e.compressed_content.json,
America/Toronto,1672549200000,2023-01-08 18:46:04.347,2023-01-08 18:46:04.347,0,0,2,5vLahzXBCy,X,com.sec.android.app.shealth,4a354144-8df2-4cde-9e4d-1c10e01be1bf,4a354144-8df2-4cde-9e4d-1c10e01be1bf.compressed_content.json,
America/Toronto,1673154000000,2023-01-16 18:46:00.048,2023-01-16 18:46:00.048,0,0,2,5vLahzXBCy,X,com.sec.android.app.shealth,5c43a5fb-b6bc-49a5-98e3-9e0bdf7b6c79,5c43a5fb-b6bc-49a5-98e3-9e0bdf7b6c79.compressed_content.json,
America/Toronto,1673758800000,2023-01-27 18:46:20.608,2023-01-27 18:46:20.608,0,0,2,5vLahzXBCy,X,com.sec.android.app.shealth,79d312a6-d896-41f4-8750-7aeff264f7cf,79d312a6-d896-41f4-8750-7aeff264f7cf.compressed_content.json,
America/Toronto,1674363600000,2023-01-29 18:58:29.625,2023-01-29 18:58:29.625,0,0,2,5vLahzXBCy,X,com.sec.android.app.shealth,1ab951a9-81dd-48f7-8d13-16632524b368,1ab951a9-81dd-48f7-8d13-16632524b368.compressed_content.json,
America/Toronto,1674968400000,2023-02-05 18:46:10.711,2023-02-05 18:46:10.711,0,0,3,5vLahzXBCy,X,com.sec.android.app.shealth,393a6ff3-7233-44ed-ae68-58f6b3c5bc25,393a6ff3-7233-44ed-ae68-58f6b3c5bc25.compressed_content.json,
America/Toronto,1675573200000,2023-02-12 18:47:15.993,2023-02-12 18:47:15.993,0,0,3,5vLahzXBCy,X,com.sec.android.app.shealth,f92f84c3-ab91-4439-a8aa-71bedaeeaa64,f92f84c3-ab91-4439-a8aa-71bedaeeaa64.compressed_content.json,
America/Toronto,1676178000000,2023-02-19 18:45:59.074,2023-02-19 18:45:59.074,0,0,3,5vLahzXBCy,X,com.sec.android.app.shealth,7f31c223-afb4-4c12-9908-492d049c53cb,7f31c223-afb4-4c12-9908-492d049c53cb.compressed_content.json,
America/Toronto,1676782800000,2023-02-26 19:37:00.232,2023-02-26 19:37:00.232,0,0,3,5vLahzXBCy,X,com.sec.android.app.shealth,ff87e5c2-a11b-45e6-bd6e-58d1ef0ddbde,ff87e5c2-a11b-45e6-bd6e-58d1ef0ddbde.compressed_content.json,
America/Toronto,1677387600000,2023-03-05 18:45:58.008,2023-03-05 18:45:58.008,0,0,3,5vLahzXBCy,X,com.sec.android.app.shealth,ab72fae8-d668-4aa9-881e-e960134588ee,ab72fae8-d668-4aa9-881e-e960134588ee.compressed_content.json,
America/Toronto,1677992400000,2023-03-12 19:01:06.528,2023-03-12 19:01:06.528,0,0,3,5vLahzXBCy,X,com.sec.android.app.shealth,b667e72c-7699-420a-ba2b-936f60e7ddca,b667e72c-7699-420a-ba2b-936f60e7ddca.compressed_content.json,
America/Toronto,1678597200000,2023-03-19 17:45:49.372,2023-03-19 17:45:49.372,0,0,3,5vLahzXBCy,X,com.sec.android.app.shealth,3ec3c085-2fbe-4b76-9ac1-40ad25a279cb,3ec3c085-2fbe-4b76-9ac1-40ad25a279cb.compressed_content.json,
America/Toronto,1679198400000,2023-03-26 17:46:35.377,2023-03-26 17:46:35.377,0,0,3,5vLahzXBCy,X,com.sec.android.app.shealth,7352b465-8a84-4868-a24d-c5563a929d94,7352b465-8a84-4868-a24d-c5563a929d94.compressed_content.json,
America/Toronto,1679803200000,2023-04-02 17:45:58.010,2023-04-02 17:45:58.010,0,0,3,5vLahzXBCy,X,com.sec.android.app.shealth,1a369f8b-09ce-4f4b-8228-b492b286c064,1a369f8b-09ce-4f4b-8228-b492b286c064.compressed_content.json,
America/Toronto,1680408000000,2023-04-09 17:46:17.953,2023-04-09 17:46:17.953,0,0,3,5vLahzXBCy,X,com.sec.android.app.shealth,c5b14a49-2dbb-4df6-9c91-2359ce938052,c5b14a49-2dbb-4df6-9c91-2359ce938052.compressed_content.json,
America/Toronto,1681012800000,2023-04-16 17:45:42.820,2023-04-16 17:45:42.820,0,0,3,5vLahzXBCy,X,com.sec.android.app.shealth,a90e93f5-83cb-48c2-bc79-f7ba6fe2b230,a90e93f5-83cb-48c2-bc79-f7ba6fe2b230.compressed_content.json,
America/Toronto,1681617600000,2023-04-23 17:46:02.512,2023-04-23 17:46:02.512,0,0,3,5vLahzXBCy,X,com.sec.android.app.shealth,3ee7f040-d0a9-4a71-86cc-045e865ad3bd,3ee7f040-d0a9-4a71-86cc-045e865ad3bd.compressed_content.json,
America/Toronto,1682222400000,2023-04-30 18:42:50.553,2023-04-30 18:42:50.553,0,0,3,5vLahzXBCy,X,com.sec.android.app.shealth,0df93788-6f8a-468b-a1f7-c371ccfdefc6,0df93788-6f8a-468b-a1f7-c371ccfdefc6.compressed_content.json,
America/Toronto,1682827200000,2023-05-07 17:48:57.524,2023-05-07 17:48:57.524,0,0,3,5vLahzXBCy,X,com.sec.android.app.shealth,d216a0eb-9341-45a9-979e-ba5b21b7c2f4,d216a0eb-9341-45a9-979e-ba5b21b7c2f4.compressed_content.json,
America/Toronto,1683432000000,2023-05-14 17:48:16.217,2023-05-14 17:48:16.217,0,0,3,5vLahzXBCy,X,com.sec.android.app.shealth,4a372009-f5f1-4f64-a88b-cecb85281262,4a372009-f5f1-4f64-a88b-cecb85281262.compressed_content.json,
America/Toronto,1684036800000,2023-05-21 17:45:59.739,2023-05-21 17:45:59.739,0,0,3,5vLahzXBCy,X,com.sec.android.app.shealth,47eb5de6-f11b-4bd9-b5e7-99dd988592a4,47eb5de6-f11b-4bd9-b5e7-99dd988592a4.compressed_content.json,
America/Toronto,1684641600000,2023-05-28 17:49:52.886,2023-05-28 17:49:52.886,0,0,3,5vLahzXBCy,X,com.sec.android.app.shealth,ed67352a-f9a3-46b2-83f6-07c2a972b6fd,ed67352a-f9a3-46b2-83f6-07c2a972b6fd.compressed_content.json,
America/Toronto,1685246400000,2023-06-04 17:46:14.622,2023-06-04 17:46:14.622,0,0,3,5vLahzXBCy,X,com.sec.android.app.shealth,bc50c432-45b4-42cf-a2e3-44c788a69d5b,bc50c432-45b4-42cf-a2e3-44c788a69d5b.compressed_content.json,
America/Toronto,1685851200000,2023-06-11 17:45:51.842,2023-06-11 17:45:51.842,0,0,3,5vLahzXBCy,X,com.sec.android.app.shealth,085c64d8-25bf-47d4-871d-1357a66cc416,085c64d8-25bf-47d4-871d-1357a66cc416.compressed_content.json,
America/Toronto,1686456000000,2023-06-18 17:46:03.385,2023-06-18 17:46:03.385,0,0,3,5vLahzXBCy,X,com.sec.android.app.shealth,8d1af790-263c-497e-9e83-e89698a1b514,8d1af790-263c-497e-9e83-e89698a1b514.compressed_content.json,
America/Toronto,1687060800000,2023-06-25 17:50:00.558,2023-06-25 17:50:00.558,0,0,3,5vLahzXBCy,X,com.sec.android.app.shealth,2233dbd5-4309-4283-ba37-135cbf88e648,2233dbd5-4309-4283-ba37-135cbf88e648.compressed_content.json,
America/Toronto,1687665600000,2023-07-02 17:46:23.649,2023-07-02 17:46:23.649,0,0,3,5vLahzXBCy,X,com.sec.android.app.shealth,91c9fb1f-ece0-404c-bebb-d76397ba4499,91c9fb1f-ece0-404c-bebb-d76397ba4499.compressed_content.json,
America/Toronto,1688270400000,2023-07-09 18:33:30.804,2023-07-09 18:33:30.804,0,0,3,5vLahzXBCy,X,com.sec.android.app.shealth,1027bfdb-ce53-443c-8e9f-5737f8f1d502,1027bfdb-ce53-443c-8e9f-5737f8f1d502.compressed_content.json,
America/Toronto,1688875200000,2023-07-16 18:34:21.900,2023-07-16 18:34:21.900,0,0,3,5vLahzXBCy,X,com.sec.android.app.shealth,6209f91e-0a9e-4821-b236-1206c38cb725,6209f91e-0a9e-4821-b236-1206c38cb725.compressed_content.json,
America/Toronto,1689480000000,2023-07-23 18:30:33.501,2023-07-23 18:30:33.501,0,0,3,5vLahzXBCy,X,com.sec.android.app.shealth,a8bedc3e-a17a-46f6-8aa7-d9e0163cb941,a8bedc3e-a17a-46f6-8aa7-d9e0163cb941.compressed_content.json,
America/Toronto,1690084800000,2023-07-30 18:24:49.479,2023-07-30 18:24:49.479,0,0,3,5vLahzXBCy,X,com.sec.android.app.shealth,9123dc62-449a-40f3-875f-47775b958c85,9123dc62-449a-40f3-875f-47775b958c85.compressed_content.json,
America/Toronto,1690689600000,2023-08-06 17:45:59.638,2023-08-06 17:45:59.638,0,0,3,5vLahzXBCy,X,com.sec.android.app.shealth,28c5ba9e-a436-4841-8097-064b7659f7dd,28c5ba9e-a436-4841-8097-064b7659f7dd.compressed_content.json,
America/Toronto,1691294400000,2023-08-13 17:46:40.089,2023-08-13 17:46:40.089,0,0,3,5vLahzXBCy,X,com.sec.android.app.shealth,6c3ff746-915d-4028-bb78-34fe0538ecc8,6c3ff746-915d-4028-bb78-34fe0538ecc8.compressed_content.json,
America/Toronto,1691899200000,2023-08-20 17:47:26.466,2023-08-20 17:47:26.466,0,0,3,5vLahzXBCy,X,com.sec.android.app.shealth,cea85a40-1e5f-4b9a-8356-2bee47416ebd,cea85a40-1e5f-4b9a-8356-2bee47416ebd.compressed_content.json,
America/Toronto,1692504000000,2023-08-27 17:46:15.589,2023-08-27 17:46:15.589,0,0,3,5vLahzXBCy,X,com.sec.android.app.shealth,f51509ed-40c6-4539-8593-8ab89bb2b6a9,f51509ed-40c6-4539-8593-8ab89bb2b6a9.compressed_content.json,
America/Toronto,1693108800000,2023-09-03 18:25:18.246,2023-09-03 18:25:18.246,0,0,3,5vLahzXBCy,X,com.sec.android.app.shealth,71f93774-6f08-4da7-b05f-f418b3223a47,71f93774-6f08-4da7-b05f-f418b3223a47.compressed_content.json,
America/Toronto,1693713600000,2023-09-10 18:15:22.951,2023-09-10 18:15:22.951,0,0,3,5vLahzXBCy,X,com.sec.android.app.shealth,59e735ca-ce21-4d77-b37f-4f379251a910,59e735ca-ce21-4d77-b37f-4f379251a910.compressed_content.json,
America/Toronto,1694318400000,2023-09-17 17:46:22.108,2023-09-17 17:46:22.108,0,0,3,5vLahzXBCy,X,com.sec.android.app.shealth,c5f4824c-60cf-4b17-bb8a-b0e96f78a9da,c5f4824c-60cf-4b17-bb8a-b0e96f78a9da.compressed_content.json,
America/Toronto,1694923200000,2023-09-24 19:37:24.096,2023-09-24 19:37:24.096,0,0,3,5vLahzXBCy,X,com.sec.android.app.shealth,63c62834-08f1-431f-8ed6-4b254252daed,63c62834-08f1-431f-8ed6-4b254252daed.compressed_content.json,
America/Toronto,1695528000000,2023-10-01 21:50:59.042,2023-10-01 21:50:59.042,0,0,3,5vLahzXBCy,X,com.sec.android.app.shealth,9fcdeb97-ca1a-4e11-afb4-9e3bde0f80f2,9fcdeb97-ca1a-4e11-afb4-9e3bde0f80f2.compressed_content.json,
America/Toronto,1696132800000,2023-10-08 17:46:22.149,2023-10-08 17:46:22.149,0,0,3,5vLahzXBCy,X,com.sec.android.app.shealth,3f5c9d2c-883c-4e24-a2f3-1e094669e223,3f5c9d2c-883c-4e24-a2f3-1e094669e223.compressed_content.json,
America/Toronto,1696737600000,2023-10-15 17:49:15.842,2023-10-15 17:49:15.842,0,0,3,5vLahzXBCy,X,com.sec.android.app.shealth,5f840c1e-8b76-4e3e-9a2e-1129abc1eb48,5f840c1e-8b76-4e3e-9a2e-1129abc1eb48.compressed_content.json,
America/Toronto,1697342400000,2023-10-22 17:49:38.323,2023-10-22 17:49:38.323,0,0,3,5vLahzXBCy,X,com.sec.android.app.shealth,4c7bfbdd-a4cc-4cdd-9f5a-6aaec3f4cc34,4c7bfbdd-a4cc-4cdd-9f5a-6aaec3f4cc34.compressed_content.json,
America/Toronto,1697947200000,2023-10-29 17:45:52.913,2023-10-29 17:45:52.913,0,0,3,5vLahzXBCy,X,com.sec.android.app.shealth,ea026301-48b5-4bff-95c6-1301d8cfaa2b,ea026301-48b5-4bff-95c6-1301d8cfaa2b.compressed_content.json,
America/Toronto,1698552000000,2023-11-05 18:46:31.808,2023-11-05 18:46:31.808,0,0,3,5vLahzXBCy,X,com.sec.android.app.shealth,c17412a1-064c-4e89-ba82-68ce4b8c236a,c17412a1-064c-4e89-ba82-68ce4b8c236a.compressed_content.json,
America/Toronto,1699156800000,2023-11-12 19:09:04.922,2023-11-12 19:09:04.922,0,0,3,5vLahzXBCy,X,com.sec.android.app.shealth,9198b539-b574-4f0b-a56f-1ca7d6311f7f,9198b539-b574-4f0b-a56f-1ca7d6311f7f.compressed_content.json,
America/Toronto,1699765200000,2023-11-19 18:46:09.223,2023-11-19 18:46:09.223,0,0,3,5vLahzXBCy,X,com.sec.android.app.shealth,e37a7707-d9c5-44e8-a778-5368f224d741,e37a7707-d9c5-44e8-a778-5368f224d741.compressed_content.json,
America/Toronto,1700370000000,2023-11-26 19:26:28.873,2023-11-26 19:26:28.873,0,0,3,5vLahzXBCy,X,com.sec.android.app.shealth,4b1364ec-0720-41cd-8a1e-3c2377cb2c46,4b1364ec-0720-41cd-8a1e-3c2377cb2c46.compressed_content.json,
America/Toronto,1700974800000,2023-12-03 18:48:38.665,2023-12-03 18:48:38.665,0,0,3,5vLahzXBCy,X,com.sec.android.app.shealth,687701bc-6542-45de-9923-d24213b916e9,687701bc-6542-45de-9923-d24213b916e9.compressed_content.json,
America/Toronto,1701579600000,2023-12-10 18:45:56.654,2023-12-10 18:45:56.654,0,0,3,5vLahzXBCy,X,com.sec.android.app.shealth,29ccba2e-3dc6-4411-81ff-96de0fc1158e,29ccba2e-3dc6-4411-81ff-96de0fc1158e.compressed_content.json,
America/Toronto,1702184400000,2023-12-17 18:47:26.442,2023-12-17 18:47:26.442,0,0,3,5vLahzXBCy,X,com.sec.android.app.shealth,a7fde963-497e-4a9f-91ef-887d995ecdb6,a7fde963-497e-4a9f-91ef-887d995ecdb6.compressed_content.json,
America/Toronto,1702789200000,2023-12-24 18:46:01.492,2023-12-24 18:46:01.492,0,0,3,5vLahzXBCy,X,com.sec.android.app.shealth,a9acf6f6-4d34-4106-a22f-544879eaaca3,a9acf6f6-4d34-4106-a22f-544879eaaca3.compressed_content.json,
America/Toronto,1703394000000,2023-12-31 18:46:15.878,2023-12-31 18:46:15.878,0,0,3,5vLahzXBCy,X,com.sec.android.app.shealth,59861796-c44f-4041-9ab3-1c66c9f3edb0,59861796-c44f-4041-9ab3-1c66c9f3edb0.compressed_content.json,
America/Toronto,1703998800000,2024-01-07 18:46:13.743,2024-01-07 18:46:13.743,0,0,3,5vLahzXBCy,X,com.sec.android.app.shealth,41bc898d-b631-4200-904b-52ea6c1a1cbd,41bc898d-b631-4200-904b-52ea6c1a1cbd.compressed_content.json,
America/Toronto,1704603600000,2024-01-14 18:46:17.559,2024-01-14 18:46:17.559,0,0,3,5vLahzXBCy,X,com.sec.android.app.shealth,c73d0117-0e55-4b0d-90f4-87fb12e5080f,c73d0117-0e55-4b0d-90f4-87fb12e5080f.compressed_content.json,
America/Toronto,1705208400000,2024-01-21 19:10:15.869,2024-01-21 19:10:15.869,0,0,3,5vLahzXBCy,X,com.sec.android.app.shealth,b46bad95-1d90-4ab4-8834-0aa4ac979733,b46bad95-1d90-4ab4-8834-0aa4ac979733.compressed_content.json,
America/Toronto,1705813200000,2024-01-28 18:56:46.387,2024-01-28 18:56:46.387,0,0,3,5vLahzXBCy,X,com.sec.android.app.shealth,3457d981-2031-4650-91ac-e340d5129c4e,3457d981-2031-4650-91ac-e340d5129c4e.compressed_content.json,
America/Toronto,1706418000000,2024-02-04 18:46:00.279,2024-02-04 18:46:00.279,0,0,3,5vLahzXBCy,X,com.sec.android.app.shealth,c7da0b25-d40f-4916-bac5-c8d0f3ae703c,c7da0b25-d40f-4916-bac5-c8d0f3ae703c.compressed_content.json,
America/Toronto,1707022800000,2024-02-11 18:47:17.697,2024-02-11 18:47:17.697,0,0,3,5vLahzXBCy,X,com.sec.android.app.shealth,5d94d260-1746-4daf-92f2-8f542ce36af0,5d94d260-1746-4daf-92f2-8f542ce36af0.compressed_content.json,
America/Toronto,1707627600000,2024-02-18 20:47:05.575,2024-02-18 20:47:05.575,0,0,3,5vLahzXBCy,X,com.sec.android.app.shealth,0e71bc7b-f5b8-4ddb-b90d-5e6d6f6d0776,0e71bc7b-f5b8-4ddb-b90d-5e6d6f6d0776.compressed_content.json,
America/Toronto,1708232400000,2024-02-25 18:47:23.433,2024-02-25 18:47:23.433,0,0,3,5vLahzXBCy,X,com.sec.android.app.shealth,feaf8465-df66-4f8f-baf9-b5d8c1145c44,feaf8465-df66-4f8f-baf9-b5d8c1145c44.compressed_content.json,
America/Toronto,1708837200000,2024-03-03 19:08:23.605,2024-03-03 19:08:23.605,0,0,3,5vLahzXBCy,X,com.sec.android.app.shealth,10392a45-cba0-41a2-b7fd-76af89bc48b3,10392a45-cba0-41a2-b7fd-76af89bc48b3.compressed_content.json,
America/Toronto,1709442000000,2024-03-10 18:23:20.790,2024-03-10 18:23:20.790,0,0,3,5vLahzXBCy,X,com.sec.android.app.shealth,ad0bff03-00b2-4ee7-8d82-8a9da161ad7a,ad0bff03-00b2-4ee7-8d82-8a9da161ad7a.compressed_content.json,
America/Toronto,1710046800000,2024-03-17 20:16:53.631,2024-03-17 20:16:53.631,0,0,3,5vLahzXBCy,X,com.sec.android.app.shealth,9d35cc81-677f-406e-9779-7f4e61eec933,9d35cc81-677f-406e-9779-7f4e61eec933.compressed_content.json,
America/Toronto,1710648000000,2024-03-24 19:56:15.555,2024-03-24 19:56:15.555,0,0,3,5vLahzXBCy,X,com.sec.android.app.shealth,1cd06bb6-956c-49e6-8081-dc7a4a72f137,1cd06bb6-956c-49e6-8081-dc7a4a72f137.compressed_content.json,
America/Toronto,1711252800000,2024-03-31 19:20:06.340,2024-03-31 19:20:06.340,0,0,3,5vLahzXBCy,X,com.sec.android.app.shealth,483b910c-6086-4b85-9978-2792524e861b,483b910c-6086-4b85-9978-2792524e861b.compressed_content.json,
America/Toronto,1711857600000,2024-04-07 17:47:36.089,2024-04-07 17:47:36.089,0,0,3,5vLahzXBCy,X,com.sec.android.app.shealth,b43de8d8-b19e-40c1-893f-387e6fdc59a2,b43de8d8-b19e-40c1-893f-387e6fdc59a2.compressed_content.json,
America/Toronto,1712462400000,2024-04-14 17:47:23.907,2024-04-14 17:47:23.907,0,0,3,5vLahzXBCy,X,com.sec.android.app.shealth,f7a6f683-d26d-43d1-92d7-7e7e90fd5ebc,f7a6f683-d26d-43d1-92d7-7e7e90fd5ebc.compressed_content.json,
America/Toronto,1713067200000,2024-04-21 17:46:44.104,2024-04-21 17:46:44.104,0,0,3,5vLahzXBCy,X,com.sec.android.app.shealth,499fff09-947f-4fdf-9e63-a9d1275718c6,499fff09-947f-4fdf-9e63-a9d1275718c6.compressed_content.json,
America/Toronto,1713672000000,2024-04-28 17:46:49.637,2024-04-28 17:46:49.637,0,0,3,5vLahzXBCy,X,com.sec.android.app.shealth,b61da742-b6fd-468a-b950-5808bdce1383,b61da742-b6fd-468a-b950-5808bdce1383.compressed_content.json,
America/Toronto,1714276800000,2024-05-05 18:28:51.961,2024-05-05 18:28:51.961,0,0,3,5vLahzXBCy,X,com.sec.android.app.shealth,394e7fcb-3376-4bb1-8872-c2f4d18cf51a,394e7fcb-3376-4bb1-8872-c2f4d18cf51a.compressed_content.json,
America/Toronto,1714881600000,2024-05-12 18:27:17.912,2024-05-12 18:27:17.912,0,0,3,5vLahzXBCy,X,com.sec.android.app.shealth,4eb4efee-f521-4a98-bce7-9b68757e38a3,4eb4efee-f521-4a98-bce7-9b68757e38a3.compressed_content.json,
America/Toronto,1715486400000,2024-05-19 17:46:00.873,2024-05-19 17:46:00.873,0,0,3,5vLahzXBCy,X,com.sec.android.app.shealth,75c7f201-263b-4ad3-a614-961140a1b21b,75c7f201-263b-4ad3-a614-961140a1b21b.compressed_content.json,
America/Toronto,1716091200000,2024-05-26 18:43:22.225,2024-05-26 18:43:22.225,0,0,3,5vLahzXBCy,X,com.sec.android.app.shealth,1fe36f8b-8715-42bc-ba3e-1d94ee41c083,1fe36f8b-8715-42bc-ba3e-1d94ee41c083.compressed_content.json,
America/Toronto,1716696000000,2024-06-02 18:14:37.700,2024-06-02 18:14:37.700,0,0,3,5vLahzXBCy,X,com.sec.android.app.shealth,b359b6e3-44b4-455d-963b-25a58df50cfc,b359b6e3-44b4-455d-963b-25a58df50cfc.compressed_content.json,
America/Toronto,1717300800000,2024-06-09 18:21:49.556,2024-06-09 18:21:49.556,0,0,3,5vLahzXBCy,X,com.sec.android.app.shealth,15d545f6-930c-45aa-8dfe-60cb8fb98111,15d545f6-930c-45aa-8dfe-60cb8fb98111.compressed_content.json,
America/Toronto,1717905600000,2024-06-16 17:57:58.284,2024-06-16 17:57:58.284,0,0,3,5vLahzXBCy,X,com.sec.android.app.shealth,a8db3677-7257-4463-a43a-d4a88d4fc6e0,a8db3677-7257-4463-a43a-d4a88d4fc6e0.compressed_content.json,
America/Toronto,1718510400000,2024-06-23 17:46:33.337,2024-06-23 17:46:33.337,0,0,3,5vLahzXBCy,X,com.sec.android.app.shealth,a464ce11-7a3c-4fb4-a097-746652265ace,a464ce11-7a3c-4fb4-a097-746652265ace.compressed_content.json,
America/Toronto,1719115200000,2024-06-30 17:47:33.782,2024-06-30 17:47:33.782,0,0,3,5vLahzXBCy,X,com.sec.android.app.shealth,97aee7ab-2f22-4fa7-af5c-6f0be2ac8c19,97aee7ab-2f22-4fa7-af5c-6f0be2ac8c19.compressed_content.json,
America/Toronto,1719720000000,2024-07-07 18:31:34.735,2024-07-07 18:31:34.735,0,0,3,5vLahzXBCy,X,com.sec.android.app.shealth,6168a864-63ed-45b7-8c0a-067c067a705e,6168a864-63ed-45b7-8c0a-067c067a705e.compressed_content.json,
America/Toronto,1721534400000,2024-08-01 17:46:08.549,2024-08-01 17:46:08.549,0,0,3,5vLahzXBCy,X,com.sec.android.app.shealth,5ebe0f22-821b-40bf-b0a9-572da634cae0,5ebe0f22-821b-40bf-b0a9-572da634cae0.compressed_content.json,
America/Toronto,1722139200000,2024-08-04 18:28:00.028,2024-08-04 18:28:00.028,0,0,3,5vLahzXBCy,X,com.sec.android.app.shealth,afecb77e-11cb-4724-a4ff-7942ced5088b,afecb77e-11cb-4724-a4ff-7942ced5088b.compressed_content.json,
America/Toronto,1722744000000,2024-08-11 17:46:16.065,2024-08-11 17:46:16.065,0,0,3,5vLahzXBCy,X,com.sec.android.app.shealth,28aa780f-c035-4fd8-b72b-0798efaafe8c,28aa780f-c035-4fd8-b72b-0798efaafe8c.compressed_content.json,
America/Toronto,1723348800000,2024-08-18 17:46:24.394,2024-08-18 17:46:24.394,0,0,3,5vLahzXBCy,X,com.sec.android.app.shealth,3d1638d3-0375-4c50-9c6e-cdc051b8c508,3d1638d3-0375-4c50-9c6e-cdc051b8c508.compressed_content.json,
America/Toronto,1723953600000,2024-08-25 18:22:46.100,2024-08-25 18:22:46.100,0,0,3,5vLahzXBCy,X,com.sec.android.app.shealth,e3150d74-741b-43be-be2e-5706a6ce7518,e3150d74-741b-43be-be2e-5706a6ce7518.compressed_content.json,
America/Toronto,1724558400000,2024-09-01 18:12:09.175,2024-09-01 18:12:09.175,0,0,3,5vLahzXBCy,X,com.sec.android.app.shealth,347243a9-6975-4804-bd97-8438ee9e01ec,347243a9-6975-4804-bd97-8438ee9e01ec.compressed_content.json,
