com.samsung.shealth.rewards,6272009,5
number_of_streak,start_time,exercise_type,device_type,exercise_session_id,update_time,create_time,source_pkg_name,program_id,title,time_offset,extra_data,deviceuuid,pkg_name,controller_id,end_time,datauuid,is_visible
,,,,,2023-02-09 15:26:09.703,2020-12-08 18:26:49.022,,,LAST_SLEEP_CHECKING_TIME,,,5vLahzXBCy,com.sec.android.app.shealth,Sleep.Goal.Temp,2023-02-09 05:00:00.000,3e089a0d-b261-47df-856a-c9466ada1fde,-10000,
,2021-06-06 19:07:53.476,,,,2021-06-19 19:41:46.431,2021-06-06 19:07:53.531,,,goal_activity_reward_goal_achieved,UTC-0400,"{""mIsCompleted"":false,""mValue"":117,""mValue2"":60}",5vLahzXBCy,com.sec.android.app.shealth,goal.activity,2021-06-06 19:07:53.476,ad1c5349-a6dd-4532-8736-913aaa7ee661,0,
,2021-06-06 04:00:00.000,,10009,,2021-06-12 04:00:01.616,2021-06-06 19:19:55.042,,,tracker_pedometer_reward_target_achieved,UTC-0400,"{""mTarget"":6000,""mValue"":11190}",5vLahzXBCy,com.sec.android.app.shealth,tracker.pedometer,2021-06-06 04:00:00.000,a099a64f-f39e-4cac-852b-61c19903f625,1,
,2021-06-07 01:20:10.432,,,,2021-06-07 01:20:10.455,2021-06-06 19:49:03.781,,,goal_activity_reward_most_active_day,UTC-0400,"{""mIsCompleted"":false,""mValue"":117,""mValue2"":0}",5vLahzXBCy,com.sec.android.app.shealth,goal.activity,2021-06-06 19:49:03.773,a444a195-5753-4e69-bd80-dea323403387,1,
,2021-06-06 04:00:00.000,,10009,,2021-06-07 04:00:01.226,2021-06-06 20:35:01.320,,,tracker_pedometer_reward_most_walking_day,UTC-0400,"{""mTarget"":-1,""mValue"":11190}",5vLahzXBCy,com.sec.android.app.shealth,tracker.pedometer,2021-06-06 04:00:00.000,a283f1da-2d67-466e-bde3-cb5ead2336ce,1,
,2021-06-19 19:41:46.396,,,,2021-06-27 20:41:00.559,2021-06-19 19:41:46.433,,,goal_activity_reward_goal_achieved,UTC-0400,"{""mIsCompleted"":false,""mValue"":103,""mValue2"":60}",5vLahzXBCy,com.sec.android.app.shealth,goal.activity,2021-06-19 19:41:46.396,c57db78b-8f0e-454c-809e-71306e66e9f8,0,
,2021-06-19 04:00:00.000,,10009,,2021-06-25 04:00:05.029,2021-06-19 19:55:01.958,,,tracker_pedometer_reward_target_achieved,UTC-0400,"{""mTarget"":6000,""mValue"":9682}",5vLahzXBCy,com.sec.android.app.shealth,tracker.pedometer,2021-06-19 04:00:00.000,afd6b7de-9953-40c4-afb2-a89d92c3f421,1,
,2021-06-27 20:41:00.528,,,,2021-07-03 20:02:24.021,2021-06-27 20:41:00.563,,,goal_activity_reward_goal_achieved,UTC-0400,"{""mIsCompleted"":false,""mValue"":77,""mValue2"":60}",5vLahzXBCy,com.sec.android.app.shealth,goal.activity,2021-06-27 20:41:00.528,f9e11cd6-a5d4-466f-bdfe-0a20ae8a05ed,0,
,2021-06-27 04:00:00.000,,10009,,2021-07-03 04:01:22.912,2021-06-27 20:56:33.305,,,tracker_pedometer_reward_target_achieved,UTC-0400,"{""mTarget"":6000,""mValue"":7055}",5vLahzXBCy,com.sec.android.app.shealth,tracker.pedometer,2021-06-27 04:00:00.000,0eec5105-4127-4d95-8014-feb12524df3c,1,
,2021-07-03 20:02:23.990,,,,2021-07-04 22:12:33.615,2021-07-03 20:02:24.026,,,goal_activity_reward_goal_achieved,UTC-0400,"{""mIsCompleted"":false,""mValue"":105,""mValue2"":60}",5vLahzXBCy,com.sec.android.app.shealth,goal.activity,2021-07-03 20:02:23.990,b9258e52-6cbd-47cf-a2aa-8e5dd579b3c2,0,
,2021-07-03 04:00:00.000,,10009,,2021-07-09 04:00:04.153,2021-07-03 20:15:12.248,,,tracker_pedometer_reward_target_achieved,UTC-0400,"{""mTarget"":6000,""mValue"":9986}",5vLahzXBCy,com.sec.android.app.shealth,tracker.pedometer,2021-07-03 04:00:00.000,24577b94-2ae9-4c50-bea4-300f5a58d2ba,1,
,2021-07-04 22:12:33.595,,,,2021-07-28 23:24:07.798,2021-07-04 22:12:33.618,,,goal_activity_reward_goal_achieved,UTC-0400,"{""mIsCompleted"":false,""mValue"":67,""mValue2"":60}",5vLahzXBCy,com.sec.android.app.shealth,goal.activity,2021-07-04 22:12:33.595,5e72a31b-6923-4ef3-8967-788b5c94c3d6,0,
,2021-07-04 04:00:00.000,,10009,,2021-07-10 04:07:34.135,2021-07-05 01:16:45.149,,,tracker_pedometer_reward_target_achieved,UTC-0400,"{""mTarget"":6000,""mValue"":6149}",5vLahzXBCy,com.sec.android.app.shealth,tracker.pedometer,2021-07-04 04:00:00.000,959fe0d7-4e60-426a-b1a3-2786b5e9c3d6,1,
,2021-07-28 23:24:07.768,,,,2021-07-29 02:16:06.783,2021-07-28 23:24:07.798,,,goal_activity_reward_goal_achieved,UTC-0400,"{""mIsCompleted"":false,""mValue"":69,""mValue2"":60}",5vLahzXBCy,com.sec.android.app.shealth,goal.activity,2021-07-28 23:24:07.768,93aecffa-61be-4d78-a94d-2f8782813e36,1,
,2021-07-28 04:00:00.000,,10009,,2021-08-03 04:00:05.625,2021-07-29 00:43:32.162,,,tracker_pedometer_reward_target_achieved,UTC-0400,"{""mTarget"":6000,""mValue"":6272}",5vLahzXBCy,com.sec.android.app.shealth,tracker.pedometer,2021-07-28 04:00:00.000,53d9d3f8-f323-4866-885c-101a6ccea29d,1,
,2021-09-13 04:00:00.000,,10009,,2021-09-19 04:00:02.809,2021-09-13 18:37:44.506,,,tracker_pedometer_reward_target_achieved,UTC-0400,"{""mTarget"":6000,""mValue"":6314}",5vLahzXBCy,com.sec.android.app.shealth,tracker.pedometer,2021-09-13 04:00:00.000,6fdd4bfb-3f16-4fb4-99c7-6c9d85519ad1,1,
,2021-09-15 04:00:00.000,,10009,,2021-09-21 04:00:03.876,2021-09-15 18:22:42.746,,,tracker_pedometer_reward_target_achieved,UTC-0400,"{""mTarget"":6000,""mValue"":7072}",5vLahzXBCy,com.sec.android.app.shealth,tracker.pedometer,2021-09-15 04:00:00.000,4c372332-5887-40dc-ba65-beac928561ca,1,
,2021-09-16 04:00:00.000,,10009,,2021-09-22 04:00:02.787,2021-09-16 19:14:54.794,,,tracker_pedometer_reward_target_achieved,UTC-0400,"{""mTarget"":6000,""mValue"":7266}",5vLahzXBCy,com.sec.android.app.shealth,tracker.pedometer,2021-09-16 04:00:00.000,514c49f3-0da1-4264-9d39-030565c8fc74,1,
,2021-09-17 04:00:00.000,,10009,,2021-09-23 04:51:47.920,2021-09-17 19:34:16.074,,,tracker_pedometer_reward_target_achieved,UTC-0400,"{""mTarget"":6000,""mValue"":6857}",5vLahzXBCy,com.sec.android.app.shealth,tracker.pedometer,2021-09-17 04:00:00.000,0516b815-9e69-4d82-ab94-dcaf63b58918,1,
,2021-09-20 04:00:00.000,,10009,,2021-09-26 04:01:18.285,2021-09-20 18:10:23.975,,,tracker_pedometer_reward_target_achieved,UTC-0400,"{""mTarget"":6000,""mValue"":10228}",5vLahzXBCy,com.sec.android.app.shealth,tracker.pedometer,2021-09-20 04:00:00.000,9476bcfc-45f0-43c7-a5ac-ff8e7623e1ba,1,
,2021-09-21 04:00:00.000,,10009,,2021-09-27 04:00:38.746,2021-09-21 18:44:28.113,,,tracker_pedometer_reward_target_achieved,UTC-0400,"{""mTarget"":6000,""mValue"":8524}",5vLahzXBCy,com.sec.android.app.shealth,tracker.pedometer,2021-09-21 04:00:00.000,b6b0e839-e629-4128-a630-9e61f6bc02e1,1,
,2021-09-24 04:00:00.000,,10009,,2021-09-30 04:07:26.809,2021-09-24 16:46:36.693,,,tracker_pedometer_reward_target_achieved,UTC-0400,"{""mTarget"":6000,""mValue"":8999}",5vLahzXBCy,com.sec.android.app.shealth,tracker.pedometer,2021-09-24 04:00:00.000,6b4c1eef-2e3b-4906-bb33-5c354de1ee75,1,
,2021-09-27 04:00:00.000,,10009,,2021-10-03 04:04:29.360,2021-09-27 18:30:59.527,,,tracker_pedometer_reward_target_achieved,UTC-0400,"{""mTarget"":6000,""mValue"":9720}",5vLahzXBCy,com.sec.android.app.shealth,tracker.pedometer,2021-09-27 04:00:00.000,12e6c8a7-0bbf-4c69-9edb-0d65bc4e4edc,1,
,2021-09-28 04:00:00.000,,10009,,2021-10-04 04:24:13.706,2021-09-28 18:34:31.843,,,tracker_pedometer_reward_target_achieved,UTC-0400,"{""mTarget"":6000,""mValue"":10400}",5vLahzXBCy,com.sec.android.app.shealth,tracker.pedometer,2021-09-28 04:00:00.000,3a84398c-86ad-440c-9886-82e135375de2,1,
,2021-09-29 04:00:00.000,,10009,,2021-10-05 04:00:12.701,2021-09-29 18:48:21.713,,,tracker_pedometer_reward_target_achieved,UTC-0400,"{""mTarget"":6000,""mValue"":9467}",5vLahzXBCy,com.sec.android.app.shealth,tracker.pedometer,2021-09-29 04:00:00.000,ebd28a72-96b6-4e3d-9cdc-d61a20d5a9f9,1,
,2021-09-30 04:00:00.000,,10009,,2021-10-06 04:00:03.034,2021-09-30 18:51:25.991,,,tracker_pedometer_reward_target_achieved,UTC-0400,"{""mTarget"":6000,""mValue"":9003}",5vLahzXBCy,com.sec.android.app.shealth,tracker.pedometer,2021-09-30 04:00:00.000,7d7c49de-bc9e-482f-89be-fe3cd15a0ee9,1,
,2021-10-05 04:00:00.000,,10009,,2021-10-11 04:00:04.076,2021-10-05 19:11:46.719,,,tracker_pedometer_reward_target_achieved,UTC-0400,"{""mTarget"":6000,""mValue"":7480}",5vLahzXBCy,com.sec.android.app.shealth,tracker.pedometer,2021-10-05 04:00:00.000,535ad7d0-e516-4b3b-8ba0-bf427ba0fb81,1,
,2021-10-07 04:00:00.000,,10009,,2021-10-13 06:34:12.419,2021-10-07 19:13:13.602,,,tracker_pedometer_reward_target_achieved,UTC-0400,"{""mTarget"":6000,""mValue"":7346}",5vLahzXBCy,com.sec.android.app.shealth,tracker.pedometer,2021-10-07 04:00:00.000,c28732c9-d229-4897-a571-f58f0be79593,1,
,2021-10-08 04:00:00.000,,10009,,2021-10-14 04:00:29.812,2021-10-08 19:12:59.424,,,tracker_pedometer_reward_target_achieved,UTC-0400,"{""mTarget"":6000,""mValue"":8460}",5vLahzXBCy,com.sec.android.app.shealth,tracker.pedometer,2021-10-08 04:00:00.000,5ae06ff1-3c0d-4be4-9956-6ccdf64af176,1,
,2021-10-12 04:00:00.000,,10009,,2021-10-18 04:00:36.161,2021-10-12 18:55:02.498,,,tracker_pedometer_reward_target_achieved,UTC-0400,"{""mTarget"":6000,""mValue"":8605}",5vLahzXBCy,com.sec.android.app.shealth,tracker.pedometer,2021-10-12 04:00:00.000,9fad5943-70a3-4ff1-9092-0bb5bb24d7aa,1,
,2021-10-13 04:00:00.000,,10009,,2021-10-19 04:00:02.702,2021-10-13 18:55:46.033,,,tracker_pedometer_reward_target_achieved,UTC-0400,"{""mTarget"":6000,""mValue"":8477}",5vLahzXBCy,com.sec.android.app.shealth,tracker.pedometer,2021-10-13 04:00:00.000,9c1770be-96b2-445e-9592-1a48b5d7bec2,1,
,2021-10-14 04:00:00.000,,10009,,2021-10-20 04:00:23.399,2021-10-14 18:15:08.371,,,tracker_pedometer_reward_target_achieved,UTC-0400,"{""mTarget"":6000,""mValue"":7891}",5vLahzXBCy,com.sec.android.app.shealth,tracker.pedometer,2021-10-14 04:00:00.000,40b3f9d8-c11d-4b6f-8970-05b81289eb35,1,
,2021-10-18 04:00:00.000,,10009,,2021-10-24 04:00:03.149,2021-10-18 18:46:26.292,,,tracker_pedometer_reward_target_achieved,UTC-0400,"{""mTarget"":6000,""mValue"":8727}",5vLahzXBCy,com.sec.android.app.shealth,tracker.pedometer,2021-10-18 04:00:00.000,a07e46e2-9318-4c85-894b-c3db5630581e,1,
,2021-10-19 04:00:00.000,,10009,,2021-10-25 04:00:49.473,2021-10-19 15:31:20.136,,,tracker_pedometer_reward_target_achieved,UTC-0400,"{""mTarget"":6000,""mValue"":10113}",5vLahzXBCy,com.sec.android.app.shealth,tracker.pedometer,2021-10-19 04:00:00.000,a84226ea-027f-4540-a836-2987cc2bf34e,1,
,2021-10-20 04:00:00.000,,10009,,2021-10-26 04:00:04.090,2021-10-20 18:44:37.989,,,tracker_pedometer_reward_target_achieved,UTC-0400,"{""mTarget"":6000,""mValue"":8497}",5vLahzXBCy,com.sec.android.app.shealth,tracker.pedometer,2021-10-20 04:00:00.000,b4939d6b-2fae-410a-9ed0-941a94412b80,1,
,2021-10-25 04:00:00.000,,10009,,2021-10-31 04:23:56.972,2021-10-26 02:55:01.930,,,tracker_pedometer_reward_target_achieved,UTC-0400,"{""mTarget"":6000,""mValue"":6022}",5vLahzXBCy,com.sec.android.app.shealth,tracker.pedometer,2021-10-25 04:00:00.000,5e94a9dc-8e21-47aa-a753-fa7824503700,1,
,2021-10-26 04:00:00.000,,10009,,2021-11-01 04:00:03.492,2021-10-26 18:26:42.097,,,tracker_pedometer_reward_target_achieved,UTC-0400,"{""mTarget"":6000,""mValue"":9525}",5vLahzXBCy,com.sec.android.app.shealth,tracker.pedometer,2021-10-26 04:00:00.000,25fafc9a-c69c-48f9-ab5a-d5dd0006147f,1,
,2021-10-27 04:00:00.000,,10009,,2021-11-02 04:00:03.200,2021-10-27 18:33:14.863,,,tracker_pedometer_reward_target_achieved,UTC-0400,"{""mTarget"":6000,""mValue"":9060}",5vLahzXBCy,com.sec.android.app.shealth,tracker.pedometer,2021-10-27 04:00:00.000,89b9db78-1c77-49e7-a4df-2941fd00cad6,1,
,2021-10-28 04:00:00.000,,10009,,2021-11-03 04:50:06.348,2021-10-28 15:27:20.015,,,tracker_pedometer_reward_target_achieved,UTC-0400,"{""mTarget"":6000,""mValue"":7310}",5vLahzXBCy,com.sec.android.app.shealth,tracker.pedometer,2021-10-28 04:00:00.000,0a280223-0342-49b5-8331-b072ca8ba8d7,1,
,2021-11-02 04:00:00.000,,10009,,2021-11-07 04:00:03.084,2021-11-02 19:03:59.960,,,tracker_pedometer_reward_target_achieved,UTC-0400,"{""mTarget"":6000,""mValue"":7740}",5vLahzXBCy,com.sec.android.app.shealth,tracker.pedometer,2021-11-02 04:00:00.000,b2b1901c-2e2b-4792-b31e-36e8425b6e33,1,
,2021-11-03 04:00:00.000,,10009,,2021-11-08 05:00:02.724,2021-11-03 18:10:36.825,,,tracker_pedometer_reward_target_achieved,UTC-0400,"{""mTarget"":6000,""mValue"":8536}",5vLahzXBCy,com.sec.android.app.shealth,tracker.pedometer,2021-11-03 04:00:00.000,aa3fa2aa-22a2-4b46-b31a-537fc3577a25,1,
,2021-11-04 04:00:00.000,,10009,,2021-11-09 05:00:03.384,2021-11-04 18:50:42.052,,,tracker_pedometer_reward_target_achieved,UTC-0400,"{""mTarget"":6000,""mValue"":8905}",5vLahzXBCy,com.sec.android.app.shealth,tracker.pedometer,2021-11-04 04:00:00.000,d3e11013-8229-48a6-90fb-55e71eed4568,1,
,2021-11-05 04:00:00.000,,10009,,2021-11-10 05:28:39.202,2021-11-05 18:13:53.689,,,tracker_pedometer_reward_target_achieved,UTC-0400,"{""mTarget"":6000,""mValue"":7550}",5vLahzXBCy,com.sec.android.app.shealth,tracker.pedometer,2021-11-05 04:00:00.000,9b36d3a4-b554-4fe7-aee2-21caaaeba883,1,
,2021-11-08 05:00:00.000,,10009,,2021-11-14 05:08:42.014,2021-11-08 19:12:53.902,,,tracker_pedometer_reward_target_achieved,UTC-0500,"{""mTarget"":6000,""mValue"":11280}",5vLahzXBCy,com.sec.android.app.shealth,tracker.pedometer,2021-11-08 05:00:00.000,4c2a329d-1454-4bda-8998-110596c8fe14,1,
,2021-11-08 05:00:00.000,,10009,,2021-11-09 05:00:01.490,2021-11-09 01:40:57.412,,,tracker_pedometer_reward_most_walking_day,UTC-0500,"{""mTarget"":-1,""mValue"":11280}",5vLahzXBCy,com.sec.android.app.shealth,tracker.pedometer,2021-11-08 05:00:00.000,39727ad6-e0bd-4065-b8f2-1c7c36335b03,1,
,2021-11-09 05:00:00.000,,10009,,2021-11-15 05:00:02.983,2021-11-09 20:12:15.791,,,tracker_pedometer_reward_target_achieved,UTC-0500,"{""mTarget"":6000,""mValue"":7693}",5vLahzXBCy,com.sec.android.app.shealth,tracker.pedometer,2021-11-09 05:00:00.000,f3cf06b6-7f8d-4654-8d1e-c3dd18a18c2d,1,
,2021-11-10 05:00:00.000,,10009,,2021-11-16 05:00:18.528,2021-11-10 19:58:15.327,,,tracker_pedometer_reward_target_achieved,UTC-0500,"{""mTarget"":6000,""mValue"":9194}",5vLahzXBCy,com.sec.android.app.shealth,tracker.pedometer,2021-11-10 05:00:00.000,66a11e2f-6fc9-426d-8dac-0e73ec7bc2c9,1,
,2021-11-11 05:00:00.000,,10009,,2021-11-17 05:00:03.883,2021-11-11 19:10:16.198,,,tracker_pedometer_reward_target_achieved,UTC-0500,"{""mTarget"":6000,""mValue"":8663}",5vLahzXBCy,com.sec.android.app.shealth,tracker.pedometer,2021-11-11 05:00:00.000,f029299b-a018-4e82-9c1d-76d6530ac52e,1,
,2021-11-15 05:00:00.000,,10009,,2021-11-21 05:00:11.106,2021-11-15 18:05:15.873,,,tracker_pedometer_reward_target_achieved,UTC-0500,"{""mTarget"":6000,""mValue"":10061}",5vLahzXBCy,com.sec.android.app.shealth,tracker.pedometer,2021-11-15 05:00:00.000,87d55db0-af20-43bf-ab85-31d0784980df,1,
,2021-11-17 05:00:00.000,,10009,,2021-11-23 05:00:04.182,2021-11-17 19:12:38.410,,,tracker_pedometer_reward_target_achieved,UTC-0500,"{""mTarget"":6000,""mValue"":10250}",5vLahzXBCy,com.sec.android.app.shealth,tracker.pedometer,2021-11-17 05:00:00.000,76406ffb-bab9-4de2-a61b-0d935871ffb3,1,
,2021-11-18 05:00:00.000,,10009,,2021-11-24 05:00:35.224,2021-11-18 19:43:17.819,,,tracker_pedometer_reward_target_achieved,UTC-0500,"{""mTarget"":6000,""mValue"":11306}",5vLahzXBCy,com.sec.android.app.shealth,tracker.pedometer,2021-11-18 05:00:00.000,a9eb196a-3d69-451d-8dab-c7a7c217f4be,1,
,2021-11-18 05:00:00.000,,10009,,2021-11-20 05:00:01.619,2021-11-19 03:00:23.604,,,tracker_pedometer_reward_most_walking_day,UTC-0500,"{""mTarget"":-1,""mValue"":11306}",5vLahzXBCy,com.sec.android.app.shealth,tracker.pedometer,2021-11-18 05:00:00.000,405ba24d-1ee5-492a-aa38-7c0655d920b4,1,
,2021-11-19 05:00:00.000,,10009,,2021-11-25 05:00:03.249,2021-11-19 20:13:47.934,,,tracker_pedometer_reward_target_achieved,UTC-0500,"{""mTarget"":6000,""mValue"":11211}",5vLahzXBCy,com.sec.android.app.shealth,tracker.pedometer,2021-11-19 05:00:00.000,acf26e9d-d017-4a87-b3f4-855bcfe506da,1,
,2021-11-22 05:00:00.000,,10009,,2021-11-28 05:00:03.908,2021-11-22 20:17:00.922,,,tracker_pedometer_reward_target_achieved,UTC-0500,"{""mTarget"":6000,""mValue"":6562}",5vLahzXBCy,com.sec.android.app.shealth,tracker.pedometer,2021-11-22 05:00:00.000,d01c890e-9760-4a78-ab6b-ad6327913921,1,
,2021-11-23 05:00:00.000,,10009,,2021-11-29 05:00:03.479,2021-11-23 19:44:20.209,,,tracker_pedometer_reward_target_achieved,UTC-0500,"{""mTarget"":6000,""mValue"":9330}",5vLahzXBCy,com.sec.android.app.shealth,tracker.pedometer,2021-11-23 05:00:00.000,b6b16e3f-b4c5-4717-9f18-66be6c66b593,1,
,2021-11-24 05:00:00.000,,10009,,2021-11-30 05:00:03.405,2021-11-24 20:00:41.240,,,tracker_pedometer_reward_target_achieved,UTC-0500,"{""mTarget"":6000,""mValue"":8789}",5vLahzXBCy,com.sec.android.app.shealth,tracker.pedometer,2021-11-24 05:00:00.000,3a2dea32-7489-41fc-9bde-2c99abf6d57e,1,
,2021-11-29 05:00:00.000,,10009,,2021-12-05 05:15:57.350,2021-11-29 16:30:32.520,,,tracker_pedometer_reward_target_achieved,UTC-0500,"{""mTarget"":6000,""mValue"":9510}",5vLahzXBCy,com.sec.android.app.shealth,tracker.pedometer,2021-11-29 05:00:00.000,52ac9c93-7f6c-4760-8996-6eae1a2570cd,1,
,2021-11-30 05:00:00.000,,10009,,2021-12-06 05:04:02.978,2021-11-30 19:44:45.814,,,tracker_pedometer_reward_target_achieved,UTC-0500,"{""mTarget"":6000,""mValue"":9437}",5vLahzXBCy,com.sec.android.app.shealth,tracker.pedometer,2021-11-30 05:00:00.000,35175ac0-5b48-48af-8e45-d73e11852b2a,1,
,2021-12-01 05:00:00.000,,10009,,2021-12-07 05:25:16.116,2021-12-01 19:54:18.046,,,tracker_pedometer_reward_target_achieved,UTC-0500,"{""mTarget"":6000,""mValue"":8464}",5vLahzXBCy,com.sec.android.app.shealth,tracker.pedometer,2021-12-01 05:00:00.000,3aa72f36-2432-4f20-b152-040f5395c6cc,1,
,2021-12-02 05:00:00.000,,10009,,2021-12-08 05:00:08.236,2021-12-03 04:05:54.187,,,tracker_pedometer_reward_target_achieved,UTC-0500,"{""mTarget"":6000,""mValue"":6174}",5vLahzXBCy,com.sec.android.app.shealth,tracker.pedometer,2021-12-02 05:00:00.000,28497805-0a20-41d8-9c58-b1ea2269a95f,1,
,2021-12-03 05:00:00.000,,10009,,2021-12-09 05:02:14.404,2021-12-04 02:21:58.225,,,tracker_pedometer_reward_target_achieved,UTC-0500,"{""mTarget"":6000,""mValue"":6094}",5vLahzXBCy,com.sec.android.app.shealth,tracker.pedometer,2021-12-03 05:00:00.000,8e18dd95-2255-4c86-90fd-eed56b31db50,1,
,2021-12-04 05:00:00.000,,10009,,2021-12-10 05:02:27.504,2021-12-04 19:17:39.309,,,tracker_pedometer_reward_target_achieved,UTC-0500,"{""mTarget"":6000,""mValue"":9340}",5vLahzXBCy,com.sec.android.app.shealth,tracker.pedometer,2021-12-04 05:00:00.000,50c0e518-66ab-4969-b36c-2369d083f40f,1,
,2021-12-06 05:00:00.000,,10009,,2021-12-12 05:09:39.078,2021-12-06 19:17:10.097,,,tracker_pedometer_reward_target_achieved,UTC-0500,"{""mTarget"":6000,""mValue"":9316}",5vLahzXBCy,com.sec.android.app.shealth,tracker.pedometer,2021-12-06 05:00:00.000,84d5dded-7135-4ecb-94f4-28b5a5e7a79e,1,
,2021-12-07 05:00:00.000,,10009,,2021-12-13 05:47:56.802,2021-12-07 16:23:38.561,,,tracker_pedometer_reward_target_achieved,UTC-0500,"{""mTarget"":6000,""mValue"":12526}",5vLahzXBCy,com.sec.android.app.shealth,tracker.pedometer,2021-12-07 05:00:00.000,d71c1e32-91ab-4ac4-a57f-120b58cddfea,1,
,2021-12-07 05:00:00.000,,10009,,2021-12-08 05:00:03.738,2021-12-08 00:11:25.294,,,tracker_pedometer_reward_most_walking_day,UTC-0500,"{""mTarget"":-1,""mValue"":12526}",5vLahzXBCy,com.sec.android.app.shealth,tracker.pedometer,2021-12-07 05:00:00.000,69313cf3-4734-4740-857b-66305bdea9af,1,
,2021-12-10 05:00:00.000,,10009,,2021-12-16 05:15:13.767,2021-12-10 17:50:37.467,,,tracker_pedometer_reward_target_achieved,UTC-0500,"{""mTarget"":6000,""mValue"":7561}",5vLahzXBCy,com.sec.android.app.shealth,tracker.pedometer,2021-12-10 05:00:00.000,c3106c94-6524-4d8b-9c71-778226f85ee5,1,
,2021-12-13 05:00:00.000,,10009,,2021-12-19 05:04:10.931,2021-12-13 19:34:07.579,,,tracker_pedometer_reward_target_achieved,UTC-0500,"{""mTarget"":6000,""mValue"":9068}",5vLahzXBCy,com.sec.android.app.shealth,tracker.pedometer,2021-12-13 05:00:00.000,911d41a9-4d82-4621-a937-d727422258bb,1,
,2021-12-14 05:00:00.000,,10009,,2021-12-20 05:00:03.418,2021-12-14 19:04:47.256,,,tracker_pedometer_reward_target_achieved,UTC-0500,"{""mTarget"":6000,""mValue"":10607}",5vLahzXBCy,com.sec.android.app.shealth,tracker.pedometer,2021-12-14 05:00:00.000,67080463-ace9-46df-a0a9-53676b060749,1,
,2021-12-17 05:00:00.000,,10009,,2021-12-23 05:27:14.059,2021-12-18 01:14:44.513,,,tracker_pedometer_reward_target_achieved,UTC-0500,"{""mTarget"":6000,""mValue"":6348}",5vLahzXBCy,com.sec.android.app.shealth,tracker.pedometer,2021-12-17 05:00:00.000,3e0eacfb-7529-4465-8348-3b6185e24e78,1,
,2022-01-18 05:00:00.000,,10009,,2022-01-24 05:00:04.003,2022-01-18 16:28:05.689,,,tracker_pedometer_reward_target_achieved,UTC-0500,"{""mTarget"":6000,""mValue"":9085}",5vLahzXBCy,com.sec.android.app.shealth,tracker.pedometer,2022-01-18 05:00:00.000,c2092b09-a2ab-4eef-9748-11781029b030,1,
,2022-01-19 05:00:00.000,,10009,,2022-01-25 05:00:04.142,2022-01-19 19:26:47.749,,,tracker_pedometer_reward_target_achieved,UTC-0500,"{""mTarget"":6000,""mValue"":13519}",5vLahzXBCy,com.sec.android.app.shealth,tracker.pedometer,2022-01-19 05:00:00.000,ed8b0d58-4788-4be1-9b39-e891e3e3b4ba,1,
,2022-01-19 05:00:00.000,,10009,,2022-01-20 05:00:01.149,2022-01-20 02:57:56.013,,,tracker_pedometer_reward_most_walking_day,UTC-0500,"{""mTarget"":-1,""mValue"":13519}",5vLahzXBCy,com.sec.android.app.shealth,tracker.pedometer,2022-01-19 05:00:00.000,69abf1b9-7715-4c5e-9f7b-9d198fef2e5e,1,
,2022-01-24 05:00:00.000,,10009,,2022-01-30 05:01:02.394,2022-01-24 19:17:38.292,,,tracker_pedometer_reward_target_achieved,UTC-0500,"{""mTarget"":6000,""mValue"":9781}",5vLahzXBCy,com.sec.android.app.shealth,tracker.pedometer,2022-01-24 05:00:00.000,bc7bb770-636e-4c1c-9ce0-92642c1e0df2,1,
,2022-02-07 05:00:00.000,,10009,,2022-02-13 05:00:03.813,2022-02-07 16:24:49.159,,,tracker_pedometer_reward_target_achieved,UTC-0500,"{""mTarget"":6000,""mValue"":12398}",5vLahzXBCy,com.sec.android.app.shealth,tracker.pedometer,2022-02-07 05:00:00.000,d0e69c8a-c78d-40d6-a4e8-eac64ac735ce,1,
,2022-02-08 05:00:00.000,,10009,,2022-02-14 05:00:04.920,2022-02-08 19:46:20.310,,,tracker_pedometer_reward_target_achieved,UTC-0500,"{""mTarget"":6000,""mValue"":9242}",5vLahzXBCy,com.sec.android.app.shealth,tracker.pedometer,2022-02-08 05:00:00.000,ecc045d8-2a26-4126-b6d7-70f0d1716286,1,
,2022-02-10 05:00:00.000,,10009,,2022-02-16 05:00:03.351,2022-02-10 16:30:11.406,,,tracker_pedometer_reward_target_achieved,UTC-0500,"{""mTarget"":6000,""mValue"":11359}",5vLahzXBCy,com.sec.android.app.shealth,tracker.pedometer,2022-02-10 05:00:00.000,f07787e6-0f07-49b2-b892-328d2c700de7,1,
,2022-02-14 05:00:00.000,,10009,,2022-02-20 05:00:33.542,2022-02-14 16:27:46.719,,,tracker_pedometer_reward_target_achieved,UTC-0500,"{""mTarget"":6000,""mValue"":11256}",5vLahzXBCy,com.sec.android.app.shealth,tracker.pedometer,2022-02-14 05:00:00.000,416fa4f7-1cfa-4e6a-92d0-fe0017a16f8b,1,
,2022-02-15 05:00:00.000,,10009,,2022-02-21 05:00:04.481,2022-02-15 16:30:06.715,,,tracker_pedometer_reward_target_achieved,UTC-0500,"{""mTarget"":6000,""mValue"":10362}",5vLahzXBCy,com.sec.android.app.shealth,tracker.pedometer,2022-02-15 05:00:00.000,337eb9d8-8fb3-4510-9574-2bb9304b528d,1,
,2022-02-22 05:00:00.000,,10009,,2022-02-28 05:00:03.492,2022-02-22 16:35:01.919,,,tracker_pedometer_reward_target_achieved,UTC-0500,"{""mTarget"":6000,""mValue"":9140}",5vLahzXBCy,com.sec.android.app.shealth,tracker.pedometer,2022-02-22 05:00:00.000,3c864fff-c003-429f-bf9f-39c2ee44989c,1,
,2022-02-23 05:00:00.000,,10009,,2022-03-01 06:07:52.709,2022-02-23 19:15:02.022,,,tracker_pedometer_reward_target_achieved,UTC-0500,"{""mTarget"":6000,""mValue"":8555}",5vLahzXBCy,com.sec.android.app.shealth,tracker.pedometer,2022-02-23 05:00:00.000,db68e210-06fb-4c7d-a5db-c04eba25c3bc,1,
,2022-02-25 05:00:00.000,,10009,,2022-03-03 05:00:02.399,2022-02-25 19:50:06.550,,,tracker_pedometer_reward_target_achieved,UTC-0500,"{""mTarget"":6000,""mValue"":9086}",5vLahzXBCy,com.sec.android.app.shealth,tracker.pedometer,2022-02-25 05:00:00.000,a6f29565-4915-4987-80c4-27e79741c03f,1,
,2022-03-03 05:00:00.000,,10009,,2022-03-09 05:08:04.586,2022-03-03 16:35:19.400,,,tracker_pedometer_reward_target_achieved,UTC-0500,"{""mTarget"":6000,""mValue"":10525}",5vLahzXBCy,com.sec.android.app.shealth,tracker.pedometer,2022-03-03 05:00:00.000,c22755b7-a633-4f67-a687-e453bac50013,1,
,2022-03-07 05:00:00.000,,10009,,2022-03-13 05:21:43.093,2022-03-07 20:03:34.926,,,tracker_pedometer_reward_target_achieved,UTC-0500,"{""mTarget"":6000,""mValue"":7609}",5vLahzXBCy,com.sec.android.app.shealth,tracker.pedometer,2022-03-07 05:00:00.000,9f80d516-1011-4be8-890a-1eb376212a20,1,
,2022-03-10 05:00:00.000,,10009,,2022-03-16 04:08:16.631,2022-03-10 17:50:56.865,,,tracker_pedometer_reward_target_achieved,UTC-0500,"{""mTarget"":6000,""mValue"":9251}",5vLahzXBCy,com.sec.android.app.shealth,tracker.pedometer,2022-03-10 05:00:00.000,d3deaddc-f07b-4518-96e1-7a12a0d6c25c,1,
,2022-03-11 05:00:00.000,,10009,,2022-03-17 04:21:01.780,2022-03-11 19:15:01.647,,,tracker_pedometer_reward_target_achieved,UTC-0500,"{""mTarget"":6000,""mValue"":10104}",5vLahzXBCy,com.sec.android.app.shealth,tracker.pedometer,2022-03-11 05:00:00.000,14ab2687-69ca-45c4-9061-49f61dd64748,1,
,2022-03-21 04:00:00.000,,10009,,2022-03-27 04:00:46.292,2022-03-21 15:28:59.708,,,tracker_pedometer_reward_target_achieved,UTC-0400,"{""mTarget"":6000,""mValue"":10209}",5vLahzXBCy,com.sec.android.app.shealth,tracker.pedometer,2022-03-21 04:00:00.000,46bd911c-0191-40c8-a794-7b597eb00cc8,1,
,2022-03-22 04:00:00.000,,10009,,2022-03-28 04:00:01.565,2022-03-22 16:55:01.163,,,tracker_pedometer_reward_target_achieved,UTC-0400,"{""mTarget"":6000,""mValue"":10693}",5vLahzXBCy,com.sec.android.app.shealth,tracker.pedometer,2022-03-22 04:00:00.000,6309ae9e-d806-42c1-b549-57969a3bd6ba,1,
,2022-03-24 04:00:00.000,,10009,,2022-03-30 04:00:04.366,2022-03-24 18:28:28.400,,,tracker_pedometer_reward_target_achieved,UTC-0400,"{""mTarget"":6000,""mValue"":11116}",5vLahzXBCy,com.sec.android.app.shealth,tracker.pedometer,2022-03-24 04:00:00.000,7607aa0c-1f59-4875-8c9f-657bdd0931fc,1,
,2022-03-25 04:00:00.000,,10009,,2022-03-31 04:00:51.961,2022-03-25 15:33:12.618,,,tracker_pedometer_reward_target_achieved,UTC-0400,"{""mTarget"":6000,""mValue"":8641}",5vLahzXBCy,com.sec.android.app.shealth,tracker.pedometer,2022-03-25 04:00:00.000,dff30cbf-ec88-426b-a50b-7cfa2660aa18,1,
,2022-03-28 04:00:00.000,,10009,,2022-04-03 04:06:55.198,2022-03-28 19:19:52.106,,,tracker_pedometer_reward_target_achieved,UTC-0400,"{""mTarget"":6000,""mValue"":8274}",5vLahzXBCy,com.sec.android.app.shealth,tracker.pedometer,2022-03-28 04:00:00.000,1f42b9e4-4092-4f91-bd95-59315cb242bf,1,
,2022-03-29 04:00:00.000,,10009,,2022-04-04 04:00:03.168,2022-03-29 18:55:00.870,,,tracker_pedometer_reward_target_achieved,UTC-0400,"{""mTarget"":6000,""mValue"":7691}",5vLahzXBCy,com.sec.android.app.shealth,tracker.pedometer,2022-03-29 04:00:00.000,09016b12-38d6-47e4-998b-b12653d4a5af,1,
,2022-03-31 04:00:00.000,,10009,,2022-04-06 04:00:05.433,2022-03-31 18:14:59.343,,,tracker_pedometer_reward_target_achieved,UTC-0400,"{""mTarget"":6000,""mValue"":11150}",5vLahzXBCy,com.sec.android.app.shealth,tracker.pedometer,2022-03-31 04:00:00.000,163976dd-403e-479d-b9d6-d95efac18a58,1,
,2022-04-01 04:00:00.000,,10009,,2022-04-07 04:00:02.257,2022-04-01 18:20:17.130,,,tracker_pedometer_reward_target_achieved,UTC-0400,"{""mTarget"":6000,""mValue"":8761}",5vLahzXBCy,com.sec.android.app.shealth,tracker.pedometer,2022-04-01 04:00:00.000,794e499f-75c1-4ce1-9c16-89f35c05f40a,1,
,2022-04-08 04:00:00.000,,10009,,2022-04-14 04:00:03.828,2022-04-08 18:15:00.503,,,tracker_pedometer_reward_target_achieved,UTC-0400,"{""mTarget"":6000,""mValue"":8863}",5vLahzXBCy,com.sec.android.app.shealth,tracker.pedometer,2022-04-08 04:00:00.000,51ad4b4c-dc25-47fb-9d6d-81343f56ee42,1,
,2022-04-11 04:00:00.000,,10009,,2022-04-17 04:01:24.222,2022-04-11 15:35:01.793,,,tracker_pedometer_reward_target_achieved,UTC-0400,"{""mTarget"":6000,""mValue"":10007}",5vLahzXBCy,com.sec.android.app.shealth,tracker.pedometer,2022-04-11 04:00:00.000,a9ac33dc-4c4b-46c4-aaee-8a78405cf033,1,
,2022-04-12 04:00:00.000,,10009,,2022-04-18 04:00:00.496,2022-04-12 18:54:28.679,,,tracker_pedometer_reward_target_achieved,UTC-0400,"{""mTarget"":6000,""mValue"":7786}",5vLahzXBCy,com.sec.android.app.shealth,tracker.pedometer,2022-04-12 04:00:00.000,79fad8d8-6279-4b69-855d-0a1cf8e48a16,1,
,2022-04-13 04:00:00.000,,10009,,2022-04-19 04:00:03.740,2022-04-13 15:29:49.457,,,tracker_pedometer_reward_target_achieved,UTC-0400,"{""mTarget"":6000,""mValue"":10325}",5vLahzXBCy,com.sec.android.app.shealth,tracker.pedometer,2022-04-13 04:00:00.000,86269a49-c62e-4a50-8802-678824e3c1a3,1,
,2022-04-14 04:00:00.000,,10009,,2022-04-20 04:00:02.891,2022-04-14 18:15:05.997,,,tracker_pedometer_reward_target_achieved,UTC-0400,"{""mTarget"":6000,""mValue"":8561}",5vLahzXBCy,com.sec.android.app.shealth,tracker.pedometer,2022-04-14 04:00:00.000,833b3704-210a-45be-b82b-64fcf0837538,1,
,2022-04-19 04:00:00.000,,10009,,2022-04-25 04:00:02.917,2022-04-19 16:55:01.091,,,tracker_pedometer_reward_target_achieved,UTC-0400,"{""mTarget"":6000,""mValue"":9545}",5vLahzXBCy,com.sec.android.app.shealth,tracker.pedometer,2022-04-19 04:00:00.000,ecf21ee0-3560-426d-a472-360f6bfb710f,1,
,2022-04-20 04:00:00.000,,10009,,2022-04-26 04:00:33.486,2022-04-20 16:55:00.724,,,tracker_pedometer_reward_target_achieved,UTC-0400,"{""mTarget"":6000,""mValue"":8570}",5vLahzXBCy,com.sec.android.app.shealth,tracker.pedometer,2022-04-20 04:00:00.000,8895b369-5340-49c7-9004-058268675817,1,
,2022-04-21 04:00:00.000,,10009,,2022-04-27 04:00:03.964,2022-04-21 18:15:00.327,,,tracker_pedometer_reward_target_achieved,UTC-0400,"{""mTarget"":6000,""mValue"":8788}",5vLahzXBCy,com.sec.android.app.shealth,tracker.pedometer,2022-04-21 04:00:00.000,3273bf47-0059-45ea-b5b4-77f4c4d2837f,1,
,2022-04-22 04:00:00.000,,10009,,2022-04-28 04:00:03.102,2022-04-22 15:55:02.243,,,tracker_pedometer_reward_target_achieved,UTC-0400,"{""mTarget"":6000,""mValue"":10430}",5vLahzXBCy,com.sec.android.app.shealth,tracker.pedometer,2022-04-22 04:00:00.000,2dfbea55-a855-4b77-92f9-d65e33b5e4ab,1,
,2022-04-25 04:00:00.000,,10009,,2022-05-01 04:30:42.081,2022-04-25 18:15:01.022,,,tracker_pedometer_reward_target_achieved,UTC-0400,"{""mTarget"":6000,""mValue"":8586}",5vLahzXBCy,com.sec.android.app.shealth,tracker.pedometer,2022-04-25 04:00:00.000,fef41c9d-be0f-4c49-bbb7-385836b50711,1,
,2022-04-26 04:00:00.000,,10009,,2022-05-02 04:00:31.905,2022-04-26 18:15:00.664,,,tracker_pedometer_reward_target_achieved,UTC-0400,"{""mTarget"":6000,""mValue"":9512}",5vLahzXBCy,com.sec.android.app.shealth,tracker.pedometer,2022-04-26 04:00:00.000,f7aa8d8f-f2bf-492d-ad93-9a60cd5e01ea,1,
,2022-04-27 04:00:00.000,,10009,,2022-05-03 04:00:08.535,2022-04-27 15:29:10.641,,,tracker_pedometer_reward_target_achieved,UTC-0400,"{""mTarget"":6000,""mValue"":10811}",5vLahzXBCy,com.sec.android.app.shealth,tracker.pedometer,2022-04-27 04:00:00.000,5df3d65f-c81c-4e35-a763-2b109dfe428c,1,
,2022-04-28 04:00:00.000,,10009,,2022-05-04 04:00:04.722,2022-04-28 15:22:47.836,,,tracker_pedometer_reward_target_achieved,UTC-0400,"{""mTarget"":6000,""mValue"":13069}",5vLahzXBCy,com.sec.android.app.shealth,tracker.pedometer,2022-04-28 04:00:00.000,ef77fa58-ae41-41d6-aff2-16d92b9421df,1,
,2022-05-02 04:00:00.000,,10009,,2022-05-08 04:00:05.510,2022-05-02 19:53:51.960,,,tracker_pedometer_reward_target_achieved,UTC-0400,"{""mTarget"":6000,""mValue"":9875}",5vLahzXBCy,com.sec.android.app.shealth,tracker.pedometer,2022-05-02 04:00:00.000,79fd5358-2745-4a60-b48c-8a46a55aa749,1,
,2022-05-04 04:00:00.000,,10009,,2022-05-10 04:00:04.140,2022-05-04 19:15:02.263,,,tracker_pedometer_reward_target_achieved,UTC-0400,"{""mTarget"":6000,""mValue"":9012}",5vLahzXBCy,com.sec.android.app.shealth,tracker.pedometer,2022-05-04 04:00:00.000,fe321b8c-e267-48f0-9235-4285a5cce8ca,1,
,2022-05-06 04:00:00.000,,10009,,2022-05-12 04:00:02.658,2022-05-06 15:35:01.517,,,tracker_pedometer_reward_target_achieved,UTC-0400,"{""mTarget"":6000,""mValue"":7568}",5vLahzXBCy,com.sec.android.app.shealth,tracker.pedometer,2022-05-06 04:00:00.000,3fbfb6d9-04ef-4b0c-9e4f-5ba2eb2706bf,1,
,2022-05-09 04:00:00.000,,10009,,2022-05-15 04:28:43.148,2022-05-09 15:28:21.896,,,tracker_pedometer_reward_target_achieved,UTC-0400,"{""mTarget"":6000,""mValue"":10399}",5vLahzXBCy,com.sec.android.app.shealth,tracker.pedometer,2022-05-09 04:00:00.000,b5e70642-2857-49bf-96cb-e49efd4ee4f5,1,
,2022-05-10 04:00:00.000,,10009,,2022-05-16 04:00:03.168,2022-05-10 19:35:31.593,,,tracker_pedometer_reward_target_achieved,UTC-0400,"{""mTarget"":6000,""mValue"":7403}",5vLahzXBCy,com.sec.android.app.shealth,tracker.pedometer,2022-05-10 04:00:00.000,cfd07dc0-e67a-418a-b93f-88737c8ea7ab,1,
,2022-05-11 04:00:00.000,,10009,,2022-05-17 04:00:34.466,2022-05-12 00:15:41.317,,,tracker_pedometer_reward_target_achieved,UTC-0400,"{""mTarget"":6000,""mValue"":6076}",5vLahzXBCy,com.sec.android.app.shealth,tracker.pedometer,2022-05-11 04:00:00.000,4e1d1a6c-3a6b-40a7-a68f-e793a7cc4ee3,1,
,2022-05-13 04:00:00.000,,10009,,2022-05-19 04:05:43.058,2022-05-14 00:42:08.590,,,tracker_pedometer_reward_target_achieved,UTC-0400,"{""mTarget"":6000,""mValue"":6565}",5vLahzXBCy,com.sec.android.app.shealth,tracker.pedometer,2022-05-13 04:00:00.000,c69ccff8-8e5e-462b-a05d-da0c470d305d,1,
,2022-05-16 04:00:00.000,,10009,,2022-05-22 04:00:03.627,2022-05-16 19:35:43.797,,,tracker_pedometer_reward_target_achieved,UTC-0400,"{""mTarget"":6000,""mValue"":6499}",5vLahzXBCy,com.sec.android.app.shealth,tracker.pedometer,2022-05-16 04:00:00.000,83ea5335-4b9a-4530-bbf4-b8f5ee429382,1,
,2022-05-17 04:00:00.000,,10009,,2022-05-23 04:05:59.783,2022-05-17 15:43:24.062,,,tracker_pedometer_reward_target_achieved,UTC-0400,"{""mTarget"":6000,""mValue"":11053}",5vLahzXBCy,com.sec.android.app.shealth,tracker.pedometer,2022-05-17 04:00:00.000,3c17544a-f754-4225-84ea-5a1f48e9601c,1,
,2022-05-18 04:00:00.000,,10009,,2022-05-24 04:00:01.988,2022-05-18 19:15:31.886,,,tracker_pedometer_reward_target_achieved,UTC-0400,"{""mTarget"":6000,""mValue"":7585}",5vLahzXBCy,com.sec.android.app.shealth,tracker.pedometer,2022-05-18 04:00:00.000,2675fc51-3bc8-4e5f-bcd0-9191e4aac51b,1,
,2022-05-20 04:00:00.000,,10009,,2022-05-26 04:00:03.533,2022-05-20 19:01:14.532,,,tracker_pedometer_reward_target_achieved,UTC-0400,"{""mTarget"":6000,""mValue"":7994}",5vLahzXBCy,com.sec.android.app.shealth,tracker.pedometer,2022-05-20 04:00:00.000,1c11d03c-7103-4556-bce0-912172eb8b83,1,
,2022-05-24 04:00:00.000,,10009,,2022-05-30 04:00:03.535,2022-05-24 19:05:43.810,,,tracker_pedometer_reward_target_achieved,UTC-0400,"{""mTarget"":6000,""mValue"":8252}",5vLahzXBCy,com.sec.android.app.shealth,tracker.pedometer,2022-05-24 04:00:00.000,8983a5e7-4797-4c0c-98dc-53acf1cf6b4b,1,
,2022-05-26 04:00:00.000,,10009,,2022-06-01 04:00:03.856,2022-05-26 16:55:00.781,,,tracker_pedometer_reward_target_achieved,UTC-0400,"{""mTarget"":6000,""mValue"":8735}",5vLahzXBCy,com.sec.android.app.shealth,tracker.pedometer,2022-05-26 04:00:00.000,69010486-a0ae-448e-833a-d43d7da3f1db,1,
,2022-05-30 04:00:00.000,,10009,,2022-06-05 04:02:55.475,2022-05-30 19:18:23.854,,,tracker_pedometer_reward_target_achieved,UTC-0400,"{""mTarget"":6000,""mValue"":8653}",5vLahzXBCy,com.sec.android.app.shealth,tracker.pedometer,2022-05-30 04:00:00.000,c4f58154-216a-4607-894e-c2e773ee228f,1,
,2022-05-31 04:00:00.000,,10009,,2022-06-06 04:50:08.894,2022-05-31 19:20:53.044,,,tracker_pedometer_reward_target_achieved,UTC-0400,"{""mTarget"":6000,""mValue"":6176}",5vLahzXBCy,com.sec.android.app.shealth,tracker.pedometer,2022-05-31 04:00:00.000,125c886a-5e56-48bb-a2b9-3dc7efb7bdfc,1,
,2022-06-01 04:00:00.000,,10009,,2022-06-07 04:00:06.054,2022-06-01 18:15:00.127,,,tracker_pedometer_reward_target_achieved,UTC-0400,"{""mTarget"":6000,""mValue"":9744}",5vLahzXBCy,com.sec.android.app.shealth,tracker.pedometer,2022-06-01 04:00:00.000,678f1783-a40a-474d-b8a5-05e0681909e5,1,
,2022-06-02 04:00:00.000,,10009,,2022-06-08 04:00:05.413,2022-06-02 19:21:22.657,,,tracker_pedometer_reward_target_achieved,UTC-0400,"{""mTarget"":6000,""mValue"":9535}",5vLahzXBCy,com.sec.android.app.shealth,tracker.pedometer,2022-06-02 04:00:00.000,8c92b61c-4693-4b5e-a24a-6c6fc0db4543,1,
,2022-06-03 04:00:00.000,,10009,,2022-06-09 04:16:17.513,2022-06-03 21:19:40.976,,,tracker_pedometer_reward_target_achieved,UTC-0400,"{""mTarget"":6000,""mValue"":6253}",5vLahzXBCy,com.sec.android.app.shealth,tracker.pedometer,2022-06-03 04:00:00.000,916f6312-2ecb-4c39-bcbd-6ff82cfc73b9,1,
,2022-06-06 04:00:00.000,,10009,,2022-06-12 04:09:16.546,2022-06-06 19:35:02.418,,,tracker_pedometer_reward_target_achieved,UTC-0400,"{""mTarget"":6000,""mValue"":7503}",5vLahzXBCy,com.sec.android.app.shealth,tracker.pedometer,2022-06-06 04:00:00.000,e8f53acd-926d-456c-814e-29313416e43c,1,
,2022-06-07 04:00:00.000,,10009,,2022-06-13 04:00:03.892,2022-06-07 19:13:22.201,,,tracker_pedometer_reward_target_achieved,UTC-0400,"{""mTarget"":6000,""mValue"":8419}",5vLahzXBCy,com.sec.android.app.shealth,tracker.pedometer,2022-06-07 04:00:00.000,4469ad9f-9b70-413f-bd14-e2bae7491022,1,
,2022-06-09 04:00:00.000,,10009,,2022-06-15 04:00:03.066,2022-06-09 18:10:36.621,,,tracker_pedometer_reward_target_achieved,UTC-0400,"{""mTarget"":6000,""mValue"":12944}",5vLahzXBCy,com.sec.android.app.shealth,tracker.pedometer,2022-06-09 04:00:00.000,890b058d-61fd-4188-b552-11afdbe604e0,1,
,2022-06-10 04:00:00.000,,10009,,2022-06-16 04:00:03.429,2022-06-10 20:35:00.799,,,tracker_pedometer_reward_target_achieved,UTC-0400,"{""mTarget"":6000,""mValue"":6871}",5vLahzXBCy,com.sec.android.app.shealth,tracker.pedometer,2022-06-10 04:00:00.000,7abce55d-75cc-40ae-b539-e6c0d5fdb46a,1,
,2022-06-13 04:00:00.000,,10009,,2022-06-19 12:51:51.989,2022-06-13 18:55:14.352,,,tracker_pedometer_reward_target_achieved,UTC-0400,"{""mTarget"":6000,""mValue"":15763}",5vLahzXBCy,com.sec.android.app.shealth,tracker.pedometer,2022-06-13 04:00:00.000,d62ca14e-5cdc-41a5-9797-15b814d4fd00,1,
,2022-06-13 04:00:00.000,,10009,,2022-06-14 04:06:12.165,2022-06-13 22:35:20.764,,,tracker_pedometer_reward_most_walking_day,UTC-0400,"{""mTarget"":-1,""mValue"":15763}",5vLahzXBCy,com.sec.android.app.shealth,tracker.pedometer,2022-06-13 04:00:00.000,db7693a4-743e-4352-a8b2-97157ac5cca3,1,
,2022-06-15 04:00:00.000,,10009,,2022-06-21 04:00:03.741,2022-06-15 18:28:15.112,,,tracker_pedometer_reward_target_achieved,UTC-0400,"{""mTarget"":6000,""mValue"":7441}",5vLahzXBCy,com.sec.android.app.shealth,tracker.pedometer,2022-06-15 04:00:00.000,3cc46b7b-e06c-4a13-9f8e-bbdf8def45c4,1,
,2022-06-16 04:00:00.000,,10009,,2022-06-22 04:40:26.580,2022-06-16 22:30:29.166,,,tracker_pedometer_reward_target_achieved,UTC-0400,"{""mTarget"":6000,""mValue"":6045}",5vLahzXBCy,com.sec.android.app.shealth,tracker.pedometer,2022-06-16 04:00:00.000,07e3080a-cd2e-4ff3-899c-9df68925f92b,1,
,2022-06-17 04:00:00.000,,10009,,2022-06-23 04:00:01.842,2022-06-18 00:26:35.623,,,tracker_pedometer_reward_target_achieved,UTC-0400,"{""mTarget"":6000,""mValue"":6153}",5vLahzXBCy,com.sec.android.app.shealth,tracker.pedometer,2022-06-17 04:00:00.000,3a3ef0b1-2f62-45c0-962a-47bb43e01266,1,
,2022-07-02 04:00:00.000,,10009,,2022-07-08 04:00:20.561,2022-07-02 23:14:49.544,,,tracker_pedometer_reward_target_achieved,UTC-0400,"{""mTarget"":6000,""mValue"":9904}",5vLahzXBCy,com.sec.android.app.shealth,tracker.pedometer,2022-07-02 04:00:00.000,102e88f0-d9b2-426e-b523-09fd6292e978,1,
,2022-07-03 04:00:00.000,,10009,,2022-07-09 04:21:36.748,2022-07-04 02:51:45.724,,,tracker_pedometer_reward_target_achieved,UTC-0400,"{""mTarget"":6000,""mValue"":6113}",5vLahzXBCy,com.sec.android.app.shealth,tracker.pedometer,2022-07-03 04:00:00.000,acf0b0ad-980d-45f4-b7aa-7f124aa1e9ee,1,
,2022-07-13 04:00:00.000,,10009,,2022-07-19 04:00:03.135,2022-07-13 22:15:01.729,,,tracker_pedometer_reward_target_achieved,UTC-0400,"{""mTarget"":6000,""mValue"":8661}",5vLahzXBCy,com.sec.android.app.shealth,tracker.pedometer,2022-07-13 04:00:00.000,26392bae-10d7-4691-b29f-b56c51e769bd,1,
,2022-08-06 04:00:00.000,,10009,,2022-08-12 04:00:03.939,2022-08-07 02:15:06.895,,,tracker_pedometer_reward_target_achieved,UTC-0400,"{""mTarget"":6000,""mValue"":6583}",5vLahzXBCy,com.sec.android.app.shealth,tracker.pedometer,2022-08-06 04:00:00.000,247b24fc-84c7-4b46-99f2-10b568b3b165,1,
,2022-09-06 04:00:00.000,,10009,,2022-09-12 04:00:13.804,2022-09-06 18:11:22.286,,,tracker_pedometer_reward_target_achieved,UTC-0400,"{""mTarget"":6000,""mValue"":9855}",5vLahzXBCy,com.sec.android.app.shealth,tracker.pedometer,2022-09-06 04:00:00.000,d8e17742-86e5-4a0d-b63c-00e9fa499d68,1,
,2022-09-07 04:00:00.000,,10009,,2022-09-13 04:00:02.654,2022-09-07 15:10:50.104,,,tracker_pedometer_reward_target_achieved,UTC-0400,"{""mTarget"":6000,""mValue"":11483}",5vLahzXBCy,com.sec.android.app.shealth,tracker.pedometer,2022-09-07 04:00:00.000,0a382ab3-e00a-4358-9797-21aefb53254b,1,
,2022-09-08 04:00:00.000,,10009,,2022-09-14 04:00:02.331,2022-09-08 16:53:22.444,,,tracker_pedometer_reward_target_achieved,UTC-0400,"{""mTarget"":6000,""mValue"":9067}",5vLahzXBCy,com.sec.android.app.shealth,tracker.pedometer,2022-09-08 04:00:00.000,b770fcee-6c88-477d-871c-8156ba99efdc,1,
,2022-09-19 04:00:00.000,,10009,,2022-09-25 04:00:02.521,2022-09-19 18:29:50.469,,,tracker_pedometer_reward_target_achieved,UTC-0400,"{""mTarget"":6000,""mValue"":7379}",5vLahzXBCy,com.sec.android.app.shealth,tracker.pedometer,2022-09-19 04:00:00.000,dc6acdf8-31af-470b-b10d-f2e348646c71,1,
,2022-09-20 04:00:00.000,,10009,,2022-09-26 04:00:02.457,2022-09-20 18:15:57.027,,,tracker_pedometer_reward_target_achieved,UTC-0400,"{""mTarget"":6000,""mValue"":8953}",5vLahzXBCy,com.sec.android.app.shealth,tracker.pedometer,2022-09-20 04:00:00.000,1e50d664-f1e3-485a-949a-27bd561adead,1,
,2022-09-21 04:00:00.000,,10009,,2022-09-27 04:00:02.050,2022-09-21 19:23:01.275,,,tracker_pedometer_reward_target_achieved,UTC-0400,"{""mTarget"":6000,""mValue"":7306}",5vLahzXBCy,com.sec.android.app.shealth,tracker.pedometer,2022-09-21 04:00:00.000,73f1b832-2fc2-4619-ae2e-1da0868e64d1,1,
,2022-09-22 04:00:00.000,,10009,,2022-09-28 04:00:03.808,2022-09-22 16:35:33.614,,,tracker_pedometer_reward_target_achieved,UTC-0400,"{""mTarget"":6000,""mValue"":15239}",5vLahzXBCy,com.sec.android.app.shealth,tracker.pedometer,2022-09-22 04:00:00.000,6bc69af1-67d4-4f0e-b32f-43ba7da0839f,1,
,2022-09-27 04:00:00.000,,10009,,2022-10-03 04:00:19.003,2022-09-27 18:55:00.680,,,tracker_pedometer_reward_target_achieved,UTC-0400,"{""mTarget"":6000,""mValue"":14400}",5vLahzXBCy,com.sec.android.app.shealth,tracker.pedometer,2022-09-27 04:00:00.000,b9627f06-fc78-48f9-b4cd-295ca050d2ae,1,
,2022-09-28 04:00:00.000,,10009,,2022-10-04 04:00:04.613,2022-09-28 18:15:23.199,,,tracker_pedometer_reward_target_achieved,UTC-0400,"{""mTarget"":6000,""mValue"":9308}",5vLahzXBCy,com.sec.android.app.shealth,tracker.pedometer,2022-09-28 04:00:00.000,e32dd34a-83c6-4f85-899c-cc103a1d0e84,1,
,2022-09-29 04:00:00.000,,10009,,2022-10-05 04:00:02.301,2022-09-29 19:05:11.332,,,tracker_pedometer_reward_target_achieved,UTC-0400,"{""mTarget"":6000,""mValue"":7169}",5vLahzXBCy,com.sec.android.app.shealth,tracker.pedometer,2022-09-29 04:00:00.000,65c5c3d2-0e0f-4422-bf3a-e6b628587cd2,1,
,2022-09-30 04:00:00.000,,10009,,2022-10-06 04:00:02.702,2022-09-30 19:08:20.989,,,tracker_pedometer_reward_target_achieved,UTC-0400,"{""mTarget"":6000,""mValue"":7151}",5vLahzXBCy,com.sec.android.app.shealth,tracker.pedometer,2022-09-30 04:00:00.000,e7d8c396-89ac-4de7-b145-ee7077d9786e,1,
,2022-10-05 04:00:00.000,,10009,,2022-10-11 04:00:02.074,2022-10-05 20:38:12.567,,,tracker_pedometer_reward_target_achieved,UTC-0400,"{""mTarget"":6000,""mValue"":6318}",5vLahzXBCy,com.sec.android.app.shealth,tracker.pedometer,2022-10-05 04:00:00.000,744633ae-3d72-40cd-94a9-71660b263dd8,1,
,2022-10-07 04:00:00.000,,10009,,2022-10-13 04:00:02.605,2022-10-07 16:20:09.536,,,tracker_pedometer_reward_target_achieved,UTC-0400,"{""mTarget"":6000,""mValue"":10815}",5vLahzXBCy,com.sec.android.app.shealth,tracker.pedometer,2022-10-07 04:00:00.000,26f9a7c5-78c7-4abb-81c9-1d2e1117c57b,1,
,2022-10-11 04:00:00.000,,10009,,2022-10-17 04:00:42.468,2022-10-11 19:38:33.843,,,tracker_pedometer_reward_target_achieved,UTC-0400,"{""mTarget"":6000,""mValue"":7965}",5vLahzXBCy,com.sec.android.app.shealth,tracker.pedometer,2022-10-11 04:00:00.000,ccc1850b-ef80-4995-8792-16252bc8a677,1,
,2022-10-14 04:00:00.000,,10009,,2022-10-20 04:00:03.593,2022-10-14 18:15:01.648,,,tracker_pedometer_reward_target_achieved,UTC-0400,"{""mTarget"":6000,""mValue"":6460}",5vLahzXBCy,com.sec.android.app.shealth,tracker.pedometer,2022-10-14 04:00:00.000,41e862df-d1fa-4675-b483-e7e3b74e56e1,1,
,2022-10-17 04:00:00.000,,10009,,2022-10-23 04:00:02.554,2022-10-17 22:59:34.532,,,tracker_pedometer_reward_target_achieved,UTC-0400,"{""mTarget"":6000,""mValue"":6045}",5vLahzXBCy,com.sec.android.app.shealth,tracker.pedometer,2022-10-17 04:00:00.000,05a0d601-4713-4963-b01d-9f20940024b5,1,
,2022-10-18 04:00:00.000,,10009,,2022-10-24 04:00:02.613,2022-10-19 02:51:11.528,,,tracker_pedometer_reward_target_achieved,UTC-0400,"{""mTarget"":6000,""mValue"":6142}",5vLahzXBCy,com.sec.android.app.shealth,tracker.pedometer,2022-10-18 04:00:00.000,19975521-920d-48fb-a70c-21b1aebcb30d,1,
,2022-10-21 04:00:00.000,,10009,,2022-10-27 04:00:03.567,2022-10-21 19:15:01.447,,,tracker_pedometer_reward_target_achieved,UTC-0400,"{""mTarget"":6000,""mValue"":6765}",5vLahzXBCy,com.sec.android.app.shealth,tracker.pedometer,2022-10-21 04:00:00.000,9707e8c5-1163-4fea-8f00-2f45831a1780,1,
,2022-10-24 04:00:00.000,,10009,,2022-10-30 04:02:23.307,2022-10-24 22:18:06.044,,,tracker_pedometer_reward_target_achieved,UTC-0400,"{""mTarget"":6000,""mValue"":7194}",5vLahzXBCy,com.sec.android.app.shealth,tracker.pedometer,2022-10-24 04:00:00.000,537f5069-2a9b-419b-bcc5-7f3a68b996c5,1,
,2022-10-26 04:00:00.000,,10009,,2022-11-01 04:00:01.670,2022-10-26 19:08:59.874,,,tracker_pedometer_reward_target_achieved,UTC-0400,"{""mTarget"":6000,""mValue"":7878}",5vLahzXBCy,com.sec.android.app.shealth,tracker.pedometer,2022-10-26 04:00:00.000,3b8b0011-e478-4cc6-a22c-22e4ace01160,1,
,2022-10-27 04:00:00.000,,10009,,2022-11-02 04:44:28.743,2022-10-27 18:16:26.086,,,tracker_pedometer_reward_target_achieved,UTC-0400,"{""mTarget"":6000,""mValue"":8118}",5vLahzXBCy,com.sec.android.app.shealth,tracker.pedometer,2022-10-27 04:00:00.000,14466fcc-4e90-45a0-8235-f4289d78cef7,1,
,2022-10-28 04:00:00.000,,10009,,2022-11-03 04:00:24.264,2022-10-28 19:14:35.849,,,tracker_pedometer_reward_target_achieved,UTC-0400,"{""mTarget"":6000,""mValue"":6243}",5vLahzXBCy,com.sec.android.app.shealth,tracker.pedometer,2022-10-28 04:00:00.000,37dc9a67-cda0-458e-9d71-3285e2edeb29,1,
,2022-10-31 04:00:00.000,,10009,,2022-11-05 04:46:42.355,2022-10-31 20:29:44.616,,,tracker_pedometer_reward_target_achieved,UTC-0400,"{""mTarget"":6000,""mValue"":13467}",5vLahzXBCy,com.sec.android.app.shealth,tracker.pedometer,2022-10-31 04:00:00.000,13981975-f1a0-46e0-812b-ca9655b9c873,1,
,2022-11-08 05:00:00.000,,10009,,2022-11-14 05:00:01.325,2022-11-08 20:15:17.099,,,tracker_pedometer_reward_target_achieved,UTC-0500,"{""mTarget"":6000,""mValue"":6535}",5vLahzXBCy,com.sec.android.app.shealth,tracker.pedometer,2022-11-08 05:00:00.000,520375c9-19cd-4743-8cb7-3a53d946b261,1,
,2022-11-09 05:00:00.000,,10009,,2022-11-15 05:00:03.519,2022-11-09 20:15:51.781,,,tracker_pedometer_reward_target_achieved,UTC-0500,"{""mTarget"":6000,""mValue"":7789}",5vLahzXBCy,com.sec.android.app.shealth,tracker.pedometer,2022-11-09 05:00:00.000,b59f565c-b700-42d9-a3bd-6c9e0cbbc614,1,
,2022-11-10 05:00:00.000,,10009,,2022-11-16 05:00:01.941,2022-11-10 19:08:59.013,,,tracker_pedometer_reward_target_achieved,UTC-0500,"{""mTarget"":6000,""mValue"":8393}",5vLahzXBCy,com.sec.android.app.shealth,tracker.pedometer,2022-11-10 05:00:00.000,e7ad7f37-3578-49dc-8bf1-ff5ff29316ba,1,
,2022-11-14 05:00:00.000,,10009,,2022-11-20 05:00:32.872,2022-11-14 19:12:49.090,,,tracker_pedometer_reward_target_achieved,UTC-0500,"{""mTarget"":6000,""mValue"":7722}",5vLahzXBCy,com.sec.android.app.shealth,tracker.pedometer,2022-11-14 05:00:00.000,4fe9b6f0-6235-4dc9-8019-d8edd6deae0f,1,
,2022-11-21 05:00:00.000,,10009,,2022-11-27 05:00:04.014,2022-11-21 19:00:43.052,,,tracker_pedometer_reward_target_achieved,UTC-0500,"{""mTarget"":6000,""mValue"":10197}",5vLahzXBCy,com.sec.android.app.shealth,tracker.pedometer,2022-11-21 05:00:00.000,aad5674e-0a69-473e-b352-f34a9649baea,1,
,2022-11-22 05:00:00.000,,10009,,2022-11-28 05:00:03.432,2022-11-22 20:02:52.623,,,tracker_pedometer_reward_target_achieved,UTC-0500,"{""mTarget"":6000,""mValue"":7654}",5vLahzXBCy,com.sec.android.app.shealth,tracker.pedometer,2022-11-22 05:00:00.000,1e48172e-6dc8-4952-972c-06c0681ce56f,1,
,2022-11-23 05:00:00.000,,10009,,2022-11-29 05:00:03.522,2022-11-23 19:15:09.755,,,tracker_pedometer_reward_target_achieved,UTC-0500,"{""mTarget"":6000,""mValue"":9141}",5vLahzXBCy,com.sec.android.app.shealth,tracker.pedometer,2022-11-23 05:00:00.000,d85ab8d8-c338-4808-94a0-9c76ed634dfd,1,
,2022-11-24 05:00:00.000,,10009,,2022-11-30 05:06:25.971,2022-11-24 20:03:41.519,,,tracker_pedometer_reward_target_achieved,UTC-0500,"{""mTarget"":6000,""mValue"":7972}",5vLahzXBCy,com.sec.android.app.shealth,tracker.pedometer,2022-11-24 05:00:00.000,eec91dd1-0baa-4aa4-923f-7e19d76f123b,1,
,2022-11-25 05:00:00.000,,10009,,2022-12-01 05:00:32.648,2022-11-25 20:15:12.535,,,tracker_pedometer_reward_target_achieved,UTC-0500,"{""mTarget"":6000,""mValue"":7075}",5vLahzXBCy,com.sec.android.app.shealth,tracker.pedometer,2022-11-25 05:00:00.000,e0a90bc5-ccc6-4bf3-a98d-74685b20b636,1,
,2022-11-28 05:00:00.000,,10009,,2022-12-04 05:08:58.986,2022-11-28 19:14:27.502,,,tracker_pedometer_reward_target_achieved,UTC-0500,"{""mTarget"":6000,""mValue"":8992}",5vLahzXBCy,com.sec.android.app.shealth,tracker.pedometer,2022-11-28 05:00:00.000,063ff781-5997-411c-8776-ec3ae1e904a3,1,
,2022-11-29 05:00:00.000,,10009,,2022-12-05 05:31:16.065,2022-11-29 19:05:42.788,,,tracker_pedometer_reward_target_achieved,UTC-0500,"{""mTarget"":6000,""mValue"":8830}",5vLahzXBCy,com.sec.android.app.shealth,tracker.pedometer,2022-11-29 05:00:00.000,aa685c8b-fea5-4da4-9f5b-5b698b1e81a1,1,
,2022-12-01 05:00:00.000,,10009,,2022-12-07 05:13:46.089,2022-12-01 19:10:44.837,,,tracker_pedometer_reward_target_achieved,UTC-0500,"{""mTarget"":6000,""mValue"":10418}",5vLahzXBCy,com.sec.android.app.shealth,tracker.pedometer,2022-12-01 05:00:00.000,907a50e8-cb2f-471d-9ba7-e382a2be9114,1,
,2022-12-02 05:00:00.000,,10009,,2022-12-08 05:00:02.877,2022-12-02 19:28:06.838,,,tracker_pedometer_reward_target_achieved,UTC-0500,"{""mTarget"":6000,""mValue"":7778}",5vLahzXBCy,com.sec.android.app.shealth,tracker.pedometer,2022-12-02 05:00:00.000,6a58b003-2d21-4700-8230-2f02d8b9adfb,1,
,2022-12-05 05:00:00.000,,10009,,2022-12-11 06:22:43.641,2022-12-05 19:04:44.237,,,tracker_pedometer_reward_target_achieved,UTC-0500,"{""mTarget"":6000,""mValue"":9174}",5vLahzXBCy,com.sec.android.app.shealth,tracker.pedometer,2022-12-05 05:00:00.000,7ed0b374-ad9f-4a58-a8ea-24717f16c29b,1,
,2022-12-06 05:00:00.000,,10009,,2022-12-12 05:07:52.325,2022-12-06 19:12:03.965,,,tracker_pedometer_reward_target_achieved,UTC-0500,"{""mTarget"":6000,""mValue"":7550}",5vLahzXBCy,com.sec.android.app.shealth,tracker.pedometer,2022-12-06 05:00:00.000,b36013b5-abe2-4927-8653-e2310a98c5a1,1,
,2022-12-08 05:00:00.000,,10009,,2022-12-14 05:00:04.498,2022-12-08 19:31:05.658,,,tracker_pedometer_reward_target_achieved,UTC-0500,"{""mTarget"":6000,""mValue"":7860}",5vLahzXBCy,com.sec.android.app.shealth,tracker.pedometer,2022-12-08 05:00:00.000,d437887c-c726-41ff-82d6-89171d00ca1c,1,
,2022-12-09 05:00:00.000,,10009,,2022-12-15 05:10:22.123,2022-12-09 20:04:05.461,,,tracker_pedometer_reward_target_achieved,UTC-0500,"{""mTarget"":6000,""mValue"":7660}",5vLahzXBCy,com.sec.android.app.shealth,tracker.pedometer,2022-12-09 05:00:00.000,8d41fd03-812d-4125-a078-d75a5d2d10e5,1,
,2022-12-12 05:00:00.000,,10009,,2022-12-18 05:23:46.520,2022-12-12 19:14:56.500,,,tracker_pedometer_reward_target_achieved,UTC-0500,"{""mTarget"":6000,""mValue"":7467}",5vLahzXBCy,com.sec.android.app.shealth,tracker.pedometer,2022-12-12 05:00:00.000,9ba75128-4c89-438b-a94a-c81c46a222d6,1,
,2022-12-13 05:00:00.000,,10009,,2022-12-19 05:10:00.567,2022-12-13 19:11:26.810,,,tracker_pedometer_reward_target_achieved,UTC-0500,"{""mTarget"":6000,""mValue"":7639}",5vLahzXBCy,com.sec.android.app.shealth,tracker.pedometer,2022-12-13 05:00:00.000,6e7b82d9-7170-49de-a355-af5d94dd613c,1,
,2022-12-15 05:00:00.000,,10009,,2022-12-21 05:00:02.743,2022-12-15 18:14:27.589,,,tracker_pedometer_reward_target_achieved,UTC-0500,"{""mTarget"":6000,""mValue"":10206}",5vLahzXBCy,com.sec.android.app.shealth,tracker.pedometer,2022-12-15 05:00:00.000,350d3998-1b2f-4aa1-8d28-7192b9e25962,1,
,2022-12-16 05:00:00.000,,10009,,2022-12-22 05:05:25.710,2022-12-16 18:15:00.797,,,tracker_pedometer_reward_target_achieved,UTC-0500,"{""mTarget"":6000,""mValue"":13122}",5vLahzXBCy,com.sec.android.app.shealth,tracker.pedometer,2022-12-16 05:00:00.000,bd847966-69d5-49c6-8edd-57967c6bef22,1,
,2022-12-19 05:00:00.000,,10009,,2022-12-25 05:02:24.777,2022-12-19 18:15:01.023,,,tracker_pedometer_reward_target_achieved,UTC-0500,"{""mTarget"":6000,""mValue"":8957}",5vLahzXBCy,com.sec.android.app.shealth,tracker.pedometer,2022-12-19 05:00:00.000,2df530f0-1695-4585-ac20-33eb8a455a0e,1,
,2022-12-21 05:00:00.000,,10009,,2022-12-27 05:29:28.450,2022-12-21 18:56:26.440,,,tracker_pedometer_reward_target_achieved,UTC-0500,"{""mTarget"":6000,""mValue"":11292}",5vLahzXBCy,com.sec.android.app.shealth,tracker.pedometer,2022-12-21 05:00:00.000,c52e9f4c-9f89-439d-9965-c9813b9aa169,1,
,2022-12-22 05:00:00.000,,10009,,2022-12-28 05:13:05.256,2022-12-22 17:11:27.318,,,tracker_pedometer_reward_target_achieved,UTC-0500,"{""mTarget"":6000,""mValue"":9441}",5vLahzXBCy,com.sec.android.app.shealth,tracker.pedometer,2022-12-22 05:00:00.000,90d45f9f-0081-4f49-802f-0809e358c3a1,1,
,2023-01-09 05:00:00.000,,10009,,2023-01-15 05:00:02.023,2023-01-09 19:15:01.296,,,tracker_pedometer_reward_target_achieved,UTC-0500,"{""mTarget"":6000,""mValue"":7456}",5vLahzXBCy,com.sec.android.app.shealth,tracker.pedometer,2023-01-09 05:00:00.000,97a51b0d-7d40-47df-ac08-163bc83411ad,1,
,2023-01-10 05:00:00.000,,10009,,2023-01-16 05:00:03.034,2023-01-10 18:21:20.124,,,tracker_pedometer_reward_target_achieved,UTC-0500,"{""mTarget"":6000,""mValue"":10149}",5vLahzXBCy,com.sec.android.app.shealth,tracker.pedometer,2023-01-10 05:00:00.000,06d82ddd-77dc-4835-a8da-2a717cbd6ef6,1,
,2023-01-11 05:00:00.000,,10009,,2023-01-17 05:00:02.810,2023-01-12 03:17:54.419,,,tracker_pedometer_reward_target_achieved,UTC-0500,"{""mTarget"":6000,""mValue"":6675}",5vLahzXBCy,com.sec.android.app.shealth,tracker.pedometer,2023-01-11 05:00:00.000,7a50c71b-12a3-4e29-a364-137c871f7a1e,1,
,2023-01-13 05:00:00.000,,10009,,2023-01-19 12:08:24.218,2023-01-13 20:15:02.950,,,tracker_pedometer_reward_target_achieved,UTC-0500,"{""mTarget"":6000,""mValue"":8659}",5vLahzXBCy,com.sec.android.app.shealth,tracker.pedometer,2023-01-13 05:00:00.000,11b2227e-2a3d-4de2-9547-54ddcbe30dbd,1,
,2023-01-16 05:00:00.000,,10009,,2023-01-22 05:00:01.603,2023-01-16 17:55:02.147,,,tracker_pedometer_reward_target_achieved,UTC-0500,"{""mTarget"":6000,""mValue"":9602}",5vLahzXBCy,com.sec.android.app.shealth,tracker.pedometer,2023-01-16 05:00:00.000,45b4fd06-a75e-456a-a0bb-841bde8a612d,1,
,2023-01-17 05:00:00.000,,10009,,2023-01-23 05:00:01.979,2023-01-17 19:54:51.781,,,tracker_pedometer_reward_target_achieved,UTC-0500,"{""mTarget"":6000,""mValue"":7921}",5vLahzXBCy,com.sec.android.app.shealth,tracker.pedometer,2023-01-17 05:00:00.000,5b66e608-9fe0-4acb-b4fa-b091ec1ad1f0,1,
,2023-01-18 05:00:00.000,,10009,,2023-01-24 05:02:21.462,2023-01-18 20:15:02.626,,,tracker_pedometer_reward_target_achieved,UTC-0500,"{""mTarget"":6000,""mValue"":6951}",5vLahzXBCy,com.sec.android.app.shealth,tracker.pedometer,2023-01-18 05:00:00.000,ff7334ad-f5f7-4a5d-8227-d5326f9c845d,1,
,2023-01-23 05:00:00.000,,10009,,2023-01-29 05:00:12.769,2023-01-23 19:06:13.843,,,tracker_pedometer_reward_target_achieved,UTC-0500,"{""mTarget"":6000,""mValue"":10134}",5vLahzXBCy,com.sec.android.app.shealth,tracker.pedometer,2023-01-23 05:00:00.000,dcb027e4-227b-422e-9178-dae658c2dc21,1,
,2023-01-27 05:00:00.000,,10009,,2023-02-02 05:00:02.654,2023-01-28 00:15:15.849,,,tracker_pedometer_reward_target_achieved,UTC-0500,"{""mTarget"":6000,""mValue"":6888}",5vLahzXBCy,com.sec.android.app.shealth,tracker.pedometer,2023-01-27 05:00:00.000,7810ab91-52cf-4959-9137-f3b1c66a4251,1,
,2023-02-02 05:00:00.000,,10009,,2023-02-08 05:25:33.577,2023-02-03 00:35:10.038,,,tracker_pedometer_reward_target_achieved,UTC-0500,"{""mTarget"":6000,""mValue"":6764}",5vLahzXBCy,com.sec.android.app.shealth,tracker.pedometer,2023-02-02 05:00:00.000,1e92bd5c-1da6-4b20-a83e-80edd9504988,1,
,2023-02-06 05:00:00.000,,10009,,2023-02-12 05:07:37.778,2023-02-06 19:18:44.569,,,tracker_pedometer_reward_target_achieved,UTC-0500,"{""mTarget"":6000,""mValue"":8498}",5vLahzXBCy,com.sec.android.app.shealth,tracker.pedometer,2023-02-06 05:00:00.000,1518aa5c-6243-4de0-85f8-c474995e8836,1,
,2023-02-07 05:00:00.000,,10009,,2023-02-13 05:00:03.203,2023-02-07 20:06:35.969,,,tracker_pedometer_reward_target_achieved,UTC-0500,"{""mTarget"":6000,""mValue"":6449}",5vLahzXBCy,com.sec.android.app.shealth,tracker.pedometer,2023-02-07 05:00:00.000,50712569-38ca-4106-b854-c83ae3ceb9d5,1,
,2023-02-08 05:00:00.000,,10009,,2023-02-14 05:00:04.437,2023-02-08 20:01:22.942,,,tracker_pedometer_reward_target_achieved,UTC-0500,"{""mTarget"":6000,""mValue"":9665}",5vLahzXBCy,com.sec.android.app.shealth,tracker.pedometer,2023-02-08 05:00:00.000,e79729d7-ee56-40c2-bdb5-142b89f73612,1,
,2023-02-09 12:00:00.000,,,,2023-02-09 15:26:09.711,2023-02-09 15:26:09.711,,,goal_sleep_TYPE_GOAL_DAILY_WAKEUP_TIME,UTC-0500,4,5vLahzXBCy,com.sec.android.app.shealth,Sleep.Goal,2023-02-09 04:30:00.000,72dfc43e-a7f5-47d3-886d-7bd65425a0ad,1,
,2023-02-07 11:00:00.000,,,,2023-02-09 15:26:09.711,2023-02-09 15:26:09.711,,,goal_sleep_TYPE_GOAL_DAILY_WAKEUP_TIME,UTC-0500,3,5vLahzXBCy,com.sec.android.app.shealth,Sleep.Goal,2023-02-07 04:30:00.000,6c219123-769e-4e30-b881-a534bca7de7f,0,
,2023-02-02 11:50:00.000,,,,2023-02-09 15:26:09.711,2023-02-09 15:26:09.711,,,goal_sleep_TYPE_GOAL_DAILY_WAKEUP_TIME,UTC-0500,2,5vLahzXBCy,com.sec.android.app.shealth,Sleep.Goal,2023-02-02 04:10:00.000,cbf1422a-9b61-4cb9-a48d-9cfaa5141e15,0,
,2022-11-24 12:00:00.000,,,,2023-02-09 15:26:09.711,2023-02-09 15:26:09.711,,,goal_sleep_TYPE_GOAL_DAILY_WAKEUP_TIME,UTC-0500,1,5vLahzXBCy,com.sec.android.app.shealth,Sleep.Goal,2022-11-24 06:20:00.000,10eb6d06-3f4c-42d5-b914-06ef21eaf729,0,
,2023-02-09 05:00:00.000,,10009,,2023-02-15 05:00:03.782,2023-02-09 23:24:03.445,,,tracker_pedometer_reward_target_achieved,UTC-0500,"{""mTarget"":6000,""mValue"":6238}",5vLahzXBCy,com.sec.android.app.shealth,tracker.pedometer,2023-02-09 05:00:00.000,f7287124-1840-4d9b-bc94-f4348ee6a65b,1,
,2023-02-10 05:00:00.000,,10009,,2023-02-16 05:00:03.939,2023-02-10 19:40:04.587,,,tracker_pedometer_reward_target_achieved,UTC-0500,"{""mTarget"":6000,""mValue"":7581}",5vLahzXBCy,com.sec.android.app.shealth,tracker.pedometer,2023-02-10 05:00:00.000,2633ac33-59e2-4254-b4eb-20aee71a69dd,1,
,2023-02-13 05:00:00.000,,10009,,2023-02-19 06:32:23.548,2023-02-13 22:39:26.574,,,tracker_pedometer_reward_target_achieved,UTC-0500,"{""mTarget"":6000,""mValue"":8340}",5vLahzXBCy,com.sec.android.app.shealth,tracker.pedometer,2023-02-13 05:00:00.000,10668cb4-718a-4d31-87a5-80a83639b7fd,1,
,2023-02-14 05:00:00.000,,10009,,2023-02-20 05:00:02.481,2023-02-14 20:15:01.664,,,tracker_pedometer_reward_target_achieved,UTC-0500,"{""mTarget"":6000,""mValue"":7674}",5vLahzXBCy,com.sec.android.app.shealth,tracker.pedometer,2023-02-14 05:00:00.000,f048c7af-0851-4522-98f7-d8babda32629,1,
,2023-02-15 05:00:00.000,,10009,,2023-02-21 05:00:03.596,2023-02-15 20:09:24.097,,,tracker_pedometer_reward_target_achieved,UTC-0500,"{""mTarget"":6000,""mValue"":6952}",5vLahzXBCy,com.sec.android.app.shealth,tracker.pedometer,2023-02-15 05:00:00.000,cadc06aa-3ae0-42c1-85fb-4565d34d6483,1,
,2023-02-21 05:00:00.000,,10009,,2023-02-27 05:00:03.115,2023-02-21 20:50:12.739,,,tracker_pedometer_reward_target_achieved,UTC-0500,"{""mTarget"":6000,""mValue"":7977}",5vLahzXBCy,com.sec.android.app.shealth,tracker.pedometer,2023-02-21 05:00:00.000,0801255a-fa87-4eb8-9a39-a8e049e4fbbf,1,
,2023-03-03 05:00:00.000,,10009,,2023-03-09 05:09:45.228,2023-03-03 21:25:15.076,,,tracker_pedometer_reward_target_achieved,UTC-0500,"{""mTarget"":6000,""mValue"":6709}",5vLahzXBCy,com.sec.android.app.shealth,tracker.pedometer,2023-03-03 05:00:00.000,cfda0735-92ea-4b3a-818c-5f2e124bd881,1,
,2023-03-06 05:00:00.000,,10009,,2023-03-12 05:00:04.350,2023-03-06 21:39:20.951,,,tracker_pedometer_reward_target_achieved,UTC-0500,"{""mTarget"":6000,""mValue"":6710}",5vLahzXBCy,com.sec.android.app.shealth,tracker.pedometer,2023-03-06 05:00:00.000,f3430398-9126-4291-8e9b-05cec8299ec3,1,
,2023-03-08 05:00:00.000,,10009,,2023-03-14 04:05:09.329,2023-03-08 21:32:41.486,,,tracker_pedometer_reward_target_achieved,UTC-0500,"{""mTarget"":6000,""mValue"":7639}",5vLahzXBCy,com.sec.android.app.shealth,tracker.pedometer,2023-03-08 05:00:00.000,bb5a8c0f-30e1-4e66-bca6-969292595068,1,
,2023-03-27 04:00:00.000,,10009,,2023-04-02 04:00:02.446,2023-03-27 19:15:01.537,,,tracker_pedometer_reward_target_achieved,UTC-0400,"{""mTarget"":6000,""mValue"":9080}",5vLahzXBCy,com.sec.android.app.shealth,tracker.pedometer,2023-03-27 04:00:00.000,970ba944-69ce-4d7e-97cc-d321afda50be,1,
,2023-03-28 04:00:00.000,,10009,,2023-04-03 04:00:02.168,2023-03-28 19:35:24.554,,,tracker_pedometer_reward_target_achieved,UTC-0400,"{""mTarget"":6000,""mValue"":6967}",5vLahzXBCy,com.sec.android.app.shealth,tracker.pedometer,2023-03-28 04:00:00.000,8f89ee55-3859-4d1c-8958-e3a74c0b7db6,1,
,2023-03-29 04:00:00.000,,10009,,2023-04-04 04:00:03.776,2023-03-29 19:15:17.646,,,tracker_pedometer_reward_target_achieved,UTC-0400,"{""mTarget"":6000,""mValue"":6774}",5vLahzXBCy,com.sec.android.app.shealth,tracker.pedometer,2023-03-29 04:00:00.000,d85a32da-f5fa-4ff5-aecf-75785b5b6d4e,1,
,2023-03-30 04:00:00.000,,10009,,2023-04-05 04:00:03.299,2023-03-30 19:15:01.394,,,tracker_pedometer_reward_target_achieved,UTC-0400,"{""mTarget"":6000,""mValue"":6519}",5vLahzXBCy,com.sec.android.app.shealth,tracker.pedometer,2023-03-30 04:00:00.000,23e73690-19d4-4cab-8dd0-05ecced81e17,1,
,2023-04-03 04:00:00.000,,10009,,2023-04-09 04:00:03.274,2023-04-03 19:15:01.374,,,tracker_pedometer_reward_target_achieved,UTC-0400,"{""mTarget"":6000,""mValue"":7076}",5vLahzXBCy,com.sec.android.app.shealth,tracker.pedometer,2023-04-03 04:00:00.000,39ac001f-b53a-4a65-b694-b687729d38f9,1,
,2023-04-04 04:00:00.000,,10009,,2023-04-10 04:00:03.486,2023-04-04 19:15:01.496,,,tracker_pedometer_reward_target_achieved,UTC-0400,"{""mTarget"":6000,""mValue"":6525}",5vLahzXBCy,com.sec.android.app.shealth,tracker.pedometer,2023-04-04 04:00:00.000,ae267e82-9467-46b2-ade4-2f30c9f267f9,1,
,2023-04-05 04:00:00.000,,10009,,2023-04-11 04:00:02.872,2023-04-05 19:09:29.221,,,tracker_pedometer_reward_target_achieved,UTC-0400,"{""mTarget"":6000,""mValue"":6188}",5vLahzXBCy,com.sec.android.app.shealth,tracker.pedometer,2023-04-05 04:00:00.000,6ad9cb6a-6450-40e9-af52-e8e874bf7067,1,
,2023-04-06 04:00:00.000,,10009,,2023-04-12 04:00:04.425,2023-04-06 19:18:36.412,,,tracker_pedometer_reward_target_achieved,UTC-0400,"{""mTarget"":6000,""mValue"":6297}",5vLahzXBCy,com.sec.android.app.shealth,tracker.pedometer,2023-04-06 04:00:00.000,ec8f8169-1ff9-445d-a307-83f245c2a5f8,1,
,2023-04-08 04:00:00.000,,10009,,2023-04-14 04:00:03.138,2023-04-09 00:35:01.957,,,tracker_pedometer_reward_target_achieved,UTC-0400,"{""mTarget"":6000,""mValue"":6057}",5vLahzXBCy,com.sec.android.app.shealth,tracker.pedometer,2023-04-08 04:00:00.000,9056c83e-acf5-44e8-8bb2-c0886fe7bc1f,1,
,2023-04-11 04:00:00.000,,10009,,2023-04-17 04:00:03.414,2023-04-11 19:15:01.389,,,tracker_pedometer_reward_target_achieved,UTC-0400,"{""mTarget"":6000,""mValue"":6929}",5vLahzXBCy,com.sec.android.app.shealth,tracker.pedometer,2023-04-11 04:00:00.000,6fffb31d-bd87-40c7-abc8-d9408721d15c,1,
,2023-04-12 04:00:00.000,,10009,,2023-04-18 04:05:41.166,2023-04-13 00:40:57.017,,,tracker_pedometer_reward_target_achieved,UTC-0400,"{""mTarget"":6000,""mValue"":6323}",5vLahzXBCy,com.sec.android.app.shealth,tracker.pedometer,2023-04-12 04:00:00.000,4c5ed89a-b8bf-47ff-809a-9059d8549b1f,1,
,2023-04-14 04:00:00.000,,10009,,2023-04-20 04:00:03.320,2023-04-14 17:16:02.134,,,tracker_pedometer_reward_target_achieved,UTC-0400,"{""mTarget"":6000,""mValue"":10680}",5vLahzXBCy,com.sec.android.app.shealth,tracker.pedometer,2023-04-14 04:00:00.000,9160476a-2395-47aa-8ff2-306275a16951,1,
,2023-04-18 04:00:00.000,,10009,,2023-04-24 04:06:56.742,2023-04-18 20:08:12.834,,,tracker_pedometer_reward_target_achieved,UTC-0400,"{""mTarget"":6000,""mValue"":6102}",5vLahzXBCy,com.sec.android.app.shealth,tracker.pedometer,2023-04-18 04:00:00.000,d4bb7fb0-2756-4c13-a872-2968864cb3e9,1,
,2023-04-21 04:00:00.000,,10009,,2023-04-27 04:00:04.164,2023-04-22 01:15:02.018,,,tracker_pedometer_reward_target_achieved,UTC-0400,"{""mTarget"":6000,""mValue"":6103}",5vLahzXBCy,com.sec.android.app.shealth,tracker.pedometer,2023-04-21 04:00:00.000,89049c2a-3220-4dee-9429-b94e39d88ef2,1,
,2023-04-25 04:00:00.000,,10009,,2023-05-01 04:15:53.884,2023-04-25 18:37:11.535,,,tracker_pedometer_reward_target_achieved,UTC-0400,"{""mTarget"":6000,""mValue"":7881}",5vLahzXBCy,com.sec.android.app.shealth,tracker.pedometer,2023-04-25 04:00:00.000,cd2c4581-b086-4054-b9d8-1b945795e3a5,1,
,2023-04-27 04:00:00.000,,10009,,2023-05-03 04:00:34.775,2023-04-27 22:03:39.509,,,tracker_pedometer_reward_target_achieved,UTC-0400,"{""mTarget"":6000,""mValue"":6447}",5vLahzXBCy,com.sec.android.app.shealth,tracker.pedometer,2023-04-27 04:00:00.000,4563126f-710f-4e1c-9440-bf8c9bb635da,1,
,2023-05-01 04:00:00.000,,10009,,2023-05-07 04:00:03.519,2023-05-01 19:18:07.183,,,tracker_pedometer_reward_target_achieved,UTC-0400,"{""mTarget"":6000,""mValue"":6607}",5vLahzXBCy,com.sec.android.app.shealth,tracker.pedometer,2023-05-01 04:00:00.000,4d53d0be-e67a-4cb6-8162-80b0a082d57a,1,
,2023-05-02 04:00:00.000,,10009,,2023-05-08 04:00:02.683,2023-05-02 19:15:00.560,,,tracker_pedometer_reward_target_achieved,UTC-0400,"{""mTarget"":6000,""mValue"":6102}",5vLahzXBCy,com.sec.android.app.shealth,tracker.pedometer,2023-05-02 04:00:00.000,29abd8b1-bb62-45eb-99c0-7c3dff7ff061,1,
,2023-05-04 04:00:00.000,,10009,,2023-05-10 04:00:03.415,2023-05-04 16:29:01.758,,,tracker_pedometer_reward_target_achieved,UTC-0400,"{""mTarget"":6000,""mValue"":10373}",5vLahzXBCy,com.sec.android.app.shealth,tracker.pedometer,2023-05-04 04:00:00.000,78e482e0-2efb-4bac-8b6f-2c1b2d6fbf52,1,
,2023-05-08 04:00:00.000,,10009,,2023-05-14 04:14:03.352,2023-05-08 19:15:00.556,,,tracker_pedometer_reward_target_achieved,UTC-0400,"{""mTarget"":6000,""mValue"":6763}",5vLahzXBCy,com.sec.android.app.shealth,tracker.pedometer,2023-05-08 04:00:00.000,991a22a4-aec2-4706-94f5-97315c503e9b,1,
,2023-05-10 04:00:00.000,,10009,,2023-05-16 04:00:03.360,2023-05-10 20:15:03.964,,,tracker_pedometer_reward_target_achieved,UTC-0400,"{""mTarget"":6000,""mValue"":11027}",5vLahzXBCy,com.sec.android.app.shealth,tracker.pedometer,2023-05-10 04:00:00.000,172a0efc-d948-409d-9912-99c6e11f35d9,1,
,2023-05-11 04:00:00.000,,10009,,2023-05-17 11:00:37.596,2023-05-12 02:45:50.457,,,tracker_pedometer_reward_target_achieved,UTC-0400,"{""mTarget"":6000,""mValue"":6047}",5vLahzXBCy,com.sec.android.app.shealth,tracker.pedometer,2023-05-11 04:00:00.000,26f43731-83d4-4caa-97a2-f6619b30e65c,1,
,2023-05-12 04:00:00.000,,10009,,2023-05-18 04:00:02.578,2023-05-12 21:56:15.927,,,tracker_pedometer_reward_target_achieved,UTC-0400,"{""mTarget"":6000,""mValue"":7160}",5vLahzXBCy,com.sec.android.app.shealth,tracker.pedometer,2023-05-12 04:00:00.000,7d3c97e9-f3e9-47da-9787-7dd626203008,1,
,2023-05-15 04:00:00.000,,10009,,2023-05-21 04:00:01.764,2023-05-15 18:28:02.785,,,tracker_pedometer_reward_target_achieved,UTC-0400,"{""mTarget"":6000,""mValue"":11019}",5vLahzXBCy,com.sec.android.app.shealth,tracker.pedometer,2023-05-15 04:00:00.000,ef5c3eff-0008-4db2-aff2-7a1d3a5302d8,1,
,2023-05-17 04:00:00.000,,10009,,2023-05-23 04:00:02.303,2023-05-17 22:47:55.310,,,tracker_pedometer_reward_target_achieved,UTC-0400,"{""mTarget"":6000,""mValue"":6764}",5vLahzXBCy,com.sec.android.app.shealth,tracker.pedometer,2023-05-17 04:00:00.000,aeea03c5-5bc7-4796-9182-fef7e2affe71,1,
,2023-05-18 04:00:00.000,,10009,,2023-05-24 04:00:03.126,2023-05-18 18:22:29.576,,,tracker_pedometer_reward_target_achieved,UTC-0400,"{""mTarget"":6000,""mValue"":9843}",5vLahzXBCy,com.sec.android.app.shealth,tracker.pedometer,2023-05-18 04:00:00.000,fa2a3a16-4bd7-4664-840a-0326c4a3771e,1,
,2023-05-24 04:00:00.000,,10009,,2023-05-30 04:00:16.034,2023-05-24 19:24:43.901,,,tracker_pedometer_reward_target_achieved,UTC-0400,"{""mTarget"":6000,""mValue"":8112}",5vLahzXBCy,com.sec.android.app.shealth,tracker.pedometer,2023-05-24 04:00:00.000,ddbb6a06-fa5f-44e6-9e21-778022038ab3,1,
,2023-05-25 04:00:00.000,,10009,,2023-05-31 04:00:01.582,2023-05-25 20:32:23.856,,,tracker_pedometer_reward_target_achieved,UTC-0400,"{""mTarget"":6000,""mValue"":12091}",5vLahzXBCy,com.sec.android.app.shealth,tracker.pedometer,2023-05-25 04:00:00.000,15a5073e-8253-4782-9638-cdb6cd0643bc,1,
,2023-05-29 04:00:00.000,,10009,,2023-06-04 04:00:02.557,2023-05-29 19:23:00.089,,,tracker_pedometer_reward_target_achieved,UTC-0400,"{""mTarget"":6000,""mValue"":6712}",5vLahzXBCy,com.sec.android.app.shealth,tracker.pedometer,2023-05-29 04:00:00.000,103480cd-0577-4486-9a63-ef65b5ee20fb,1,
,2023-06-05 04:00:00.000,,10009,,2023-06-11 04:00:02.646,2023-06-05 16:36:37.503,,,tracker_pedometer_reward_target_achieved,UTC-0400,"{""mTarget"":6000,""mValue"":21393}",5vLahzXBCy,com.sec.android.app.shealth,tracker.pedometer,2023-06-05 04:00:00.000,0022a17d-a3c6-4ad8-9d82-f06bf3201d85,1,
,2023-06-05 04:00:00.000,,10009,,2023-06-06 04:15:42.867,2023-06-05 22:15:01.139,,,tracker_pedometer_reward_most_walking_day,UTC-0400,"{""mTarget"":-1,""mValue"":21393}",5vLahzXBCy,com.sec.android.app.shealth,tracker.pedometer,2023-06-05 04:00:00.000,61dda372-4f8d-4c49-a533-84b39337e2ee,1,
,2023-06-07 04:00:00.000,,10009,,2023-06-13 04:00:10.441,2023-06-07 22:44:28.583,,,tracker_pedometer_reward_target_achieved,UTC-0400,"{""mTarget"":6000,""mValue"":7418}",5vLahzXBCy,com.sec.android.app.shealth,tracker.pedometer,2023-06-07 04:00:00.000,b93b174f-81e5-453b-b641-972059dba840,1,
,2023-06-12 04:00:00.000,,10009,,2023-06-18 04:00:03.118,2023-06-12 19:02:51.734,,,tracker_pedometer_reward_target_achieved,UTC-0400,"{""mTarget"":6000,""mValue"":7690}",5vLahzXBCy,com.sec.android.app.shealth,tracker.pedometer,2023-06-12 04:00:00.000,24d60680-99e7-4a15-8216-a2041ee33426,1,
,2023-06-13 04:00:00.000,,10009,,2023-06-19 04:00:34.424,2023-06-13 16:45:17.082,,,tracker_pedometer_reward_target_achieved,UTC-0400,"{""mTarget"":6000,""mValue"":9205}",5vLahzXBCy,com.sec.android.app.shealth,tracker.pedometer,2023-06-13 04:00:00.000,d497b35a-f6ca-4e4c-be9b-84c204683765,1,
,2023-06-14 04:00:00.000,,10009,,2023-06-20 04:00:03.126,2023-06-14 19:06:08.254,,,tracker_pedometer_reward_target_achieved,UTC-0400,"{""mTarget"":6000,""mValue"":8094}",5vLahzXBCy,com.sec.android.app.shealth,tracker.pedometer,2023-06-14 04:00:00.000,95d73be1-f8bc-4923-a16f-612e0f7b0c4e,1,
,2023-06-15 04:00:00.000,,10009,,2023-06-21 04:00:03.471,2023-06-15 22:11:30.953,,,tracker_pedometer_reward_target_achieved,UTC-0400,"{""mTarget"":6000,""mValue"":7934}",5vLahzXBCy,com.sec.android.app.shealth,tracker.pedometer,2023-06-15 04:00:00.000,a10379bf-7bcb-4e13-8a7b-260d193335fa,1,
,2023-06-17 04:00:00.000,,10009,,2023-06-23 04:00:03.995,2023-06-18 02:35:30.252,,,tracker_pedometer_reward_target_achieved,UTC-0400,"{""mTarget"":6000,""mValue"":6440}",5vLahzXBCy,com.sec.android.app.shealth,tracker.pedometer,2023-06-17 04:00:00.000,c422f00f-ae23-44e8-ad13-8457d7700a89,1,
,2023-06-19 04:00:00.000,,10009,,2023-06-25 04:00:04.207,2023-06-19 18:24:36.008,,,tracker_pedometer_reward_target_achieved,UTC-0400,"{""mTarget"":6000,""mValue"":11490}",5vLahzXBCy,com.sec.android.app.shealth,tracker.pedometer,2023-06-19 04:00:00.000,8e014002-4539-4f59-9168-e0623b08be8b,1,
,2023-06-20 04:00:00.000,,10009,,2023-06-26 04:44:03.943,2023-06-20 15:44:14.943,,,tracker_pedometer_reward_target_achieved,UTC-0400,"{""mTarget"":6000,""mValue"":8521}",5vLahzXBCy,com.sec.android.app.shealth,tracker.pedometer,2023-06-20 04:00:00.000,edb991dd-9da3-4432-be37-341046abd2b7,1,
,2023-06-21 04:00:00.000,,10009,,2023-06-27 04:01:17.009,2023-06-21 18:21:57.660,,,tracker_pedometer_reward_target_achieved,UTC-0400,"{""mTarget"":6000,""mValue"":8109}",5vLahzXBCy,com.sec.android.app.shealth,tracker.pedometer,2023-06-21 04:00:00.000,2244794f-add6-4233-af17-b1f8d7ed5514,1,
,2023-06-27 04:00:00.000,,10009,,2023-07-03 04:00:03.796,2023-06-28 00:35:02.160,,,tracker_pedometer_reward_target_achieved,UTC-0400,"{""mTarget"":6000,""mValue"":6893}",5vLahzXBCy,com.sec.android.app.shealth,tracker.pedometer,2023-06-27 04:00:00.000,f8eae883-8d0f-4b97-9f3f-769b8e864b6f,1,
,2023-06-30 04:00:00.000,,10009,,2023-07-06 04:00:03.772,2023-06-30 15:15:04.102,,,tracker_pedometer_reward_target_achieved,UTC-0400,"{""mTarget"":6000,""mValue"":13616}",5vLahzXBCy,com.sec.android.app.shealth,tracker.pedometer,2023-06-30 04:00:00.000,c970351f-2eb6-44cb-94f3-ee34882d6f70,1,
,2023-07-13 04:00:00.000,,10009,,2023-07-19 04:29:48.185,2023-07-14 03:50:27.280,,,tracker_pedometer_reward_target_achieved,UTC-0400,"{""mTarget"":6000,""mValue"":6094}",5vLahzXBCy,com.sec.android.app.shealth,tracker.pedometer,2023-07-13 04:00:00.000,f478919e-16e1-4fae-ada0-32a7a3c3fabf,1,
,2023-07-14 04:00:00.000,,10009,,2023-07-20 04:04:49.621,2023-07-15 01:25:49.492,,,tracker_pedometer_reward_target_achieved,UTC-0400,"{""mTarget"":6000,""mValue"":6437}",5vLahzXBCy,com.sec.android.app.shealth,tracker.pedometer,2023-07-14 04:00:00.000,202b71de-5ac0-429a-83a7-14fcba055b06,1,
,2023-08-06 04:00:00.000,,10009,,2023-08-11 04:00:04.127,2023-08-06 22:15:02.031,,,tracker_pedometer_reward_target_achieved,UTC-0400,"{""mTarget"":6000,""mValue"":6386}",5vLahzXBCy,com.sec.android.app.shealth,tracker.pedometer,2023-08-06 04:00:00.000,81a4d62c-b078-4517-8595-55420552e2fc,1,
,2023-08-08 04:00:00.000,,10009,,2023-08-11 04:00:04.129,2023-08-09 01:55:01.803,,,tracker_pedometer_reward_target_achieved,UTC-0400,"{""mTarget"":6000,""mValue"":6071}",5vLahzXBCy,com.sec.android.app.shealth,tracker.pedometer,2023-08-08 04:00:00.000,db5aec89-3b85-4a62-903e-b3d7646f6f24,1,
,2024-01-09 05:00:00.000,,100003,,2024-01-10 13:29:17.418,2024-01-10 13:29:17.418,,,tracker_pedometer_reward_target_achieved,UTC-0500,"{""mTarget"":6000,""mValue"":7722}",5vLahzXBCy,com.sec.android.app.shealth,tracker.pedometer,2024-01-09 05:00:00.000,921246ff-9487-4156-8cae-32b9408f2045,1,
